id	題型	標籤	題幹開頭	詳解開頭
s114-optometry-exam106-u04-opt-q0018	single	瞳距測量與焦度計、驗光師特考｜視覺光學	從一個+3.00 D 的凸透鏡的光學中心下方8 mm 看出去，會產生多少程度的影像位移？	觀念 Prentice 法則與正鏡偏心 白話理解 Prentice 法則 P＝cF；8 mm＝0.8 cm，所以 P＝0
s114-optometry-exam106-u04-opt-q0019	single	瞳距測量與焦度計、驗光師特考｜視覺光學	一光線經過稜鏡後，於距離300 cm 偏移9 cm，則稜鏡量是多少稜鏡度（Δ）？	觀念 稜鏡度的幾何定義 白話理解 1Δ 代表光線在 1 m 偏移 1 cm。題目在 3 m 偏移 9 cm，換算每公尺偏
s114-optometry-exam106-u04-opt-q0021	single	瞳距測量與焦度計、驗光師高考｜低視力學	屈光度為+8.0 D 的鏡片，若視線通過光學中心的鼻側5 mm，會產生多少稜鏡效應？	觀念 正透鏡水平偏心稜鏡效應 白話理解 5 mm＝0.5 cm，P＝cF＝0.5×8.0＝4Δ。正透鏡的基底方向朝向光學
s114-optometry-exam106-u04-opt-q0036	single	瞳距測量與焦度計、驗光師高考｜視覺光學	稜鏡應用在驗度儀（lensometer）來測試鏡片的屈光強度，光線經過這稜鏡折射影像會是：	觀念 驗度儀中的稜鏡影像位移 白話理解 驗度儀利用稜鏡偏折來量測鏡片屈光力；依本題採用的儀器影像判讀慣例，光線經稜鏡後所
s114-optometry-exam106-u04-opt-q0037	single	瞳距測量與焦度計、驗光師高考｜視覺光學	一患者右眼如需要處方為+5.00 DS 及2△稜鏡基底朝內，可以將鏡片中心位置如何調整來達到效果？	觀念 利用鏡片偏心製造處方稜鏡 白話理解 Prentice 法則 c＝P/F＝2÷5＝0.4 cm＝4 mm。正透鏡的稜
s114-optometry-exam106-u04-opt-q0038	single	瞳距測量與焦度計、驗光師高考｜視覺光學	一位患者眼鏡處方右眼遠視+4.00 DS，左眼遠視+1.00 DS。當其看近物時，雙眼視線均向下偏移8 mm， 同時向鼻	觀念 雙眼不同度數在近用視線的稜鏡效應 白話理解 向下看 8 mm 時，兩眼正鏡皆產生 base up：右眼 0.8×4
s114-optometry-exam106-u04-opt-q0039	single	瞳距測量與焦度計、驗光師高考｜視覺光學	陳小姐右眼戴上一個+2.00DS/-4.00DC×090 鏡片，其中心點相對於瞳孔，有6.00 mm 顳側位移及2.00	觀念 散光鏡片不同方向偏心的稜鏡效應 白話理解 處方 +2.00/−4.00×90 的垂直 90° 主經線為 +2.00
s114-optometry-exam106-u04-opt-q0044	single	瞳距測量與焦度計、驗光生特考｜眼鏡光學概要	一稜鏡能將4 公尺處光線偏移2 公分，則此稜鏡的稜鏡度（Δ）為何？	觀念 稜鏡度的位移定義 白話理解 稜鏡度是每 1 m 的公分偏移量。4 m 偏移 2 cm，換算每公尺偏移 2÷4＝0.
s114-optometry-exam106-u04-opt-q0045	single	瞳距測量與焦度計、驗光生特考｜眼鏡光學概要	將一+4.00DS 球面透鏡的光心向下移5 mm，則在視軸處產生的稜鏡效果為何？（公式：PΔ=CF，稜鏡度=Δ）	觀念 移動光心造成的正鏡稜鏡效應 白話理解 光心向下移 5 mm，代表視軸通過光心上方 0.5 cm。正鏡的基底朝向光學
s114-optometry-exam106-u04-opt-q0046	single	瞳距測量與焦度計、驗光生特考｜眼鏡光學概要	正常眼睛瞳距（interpupillary distance, PD）是66 mm，在作近距離視物時，其PD 最合理為下	觀念 遠用與近用瞳距 白話理解 看近時雙眼內聚，兩條視線在鏡片平面上的間距會小於遠用 PD。遠用 66 mm，選項中合理
s114-optometry-exam106-u04-opt-q0047	single	瞳距測量與焦度計、驗光生特考｜驗光學概要	眼鏡的雙眼鏡片光心之間的距離（DBOC, distance between optic center）與配戴者的瞳距不等	觀念 光心距與瞳距不合的光學後果 白話理解 DBOC 與配戴者 PD 不相等時，視軸無法穿過鏡片光學中心，而是通過偏心位
s114-optometry-exam106-u04-opt-q0050	single	瞳距測量與焦度計、驗光生特考｜驗光學概要	眼鏡配戴者右眼近視-6.00DS，左眼近視-8.00DS，雙眼瞳距66 mm，其右眼瞳距34 mm 及左眼瞳距32 mm	觀念 單眼 PD 與光心偏差造成的雙眼稜鏡不平衡 白話理解 右眼瞳孔在 34 mm、光心在 30 mm，偏心 4 mm；
s114-optometry-exam106-u04-opt-q0051	single	瞳距測量與焦度計、驗光生特考｜驗光學概要	若一副眼鏡具有兩片球面凸透鏡片，且配戴者瞳孔間距離（interpupillary distance, PD）小於兩眼矯正	觀念 正鏡 DBOC 大於 PD 的稜鏡方向 白話理解 PD 小於 DBOC，表示兩眼視軸都通過各自正鏡光心的鼻側。正透
s114-optometry-exam106-u04-opt-q0059	single	瞳距測量與焦度計、驗光生普考｜眼鏡光學概要	一個屈光力為+3.00 D 的偏心鏡片，它的光學中心在瞳孔往鼻側方向2 mm 處，則病人在使用該透鏡時， 產生之稜鏡度約	觀念 鏡片偏心稜鏡量 白話理解 光學中心相對瞳孔鼻側 2 mm，偏心量為 0.2 cm。依 Prentice 法則，P＝
s114-optometry-exam106-u04-opt-q0060	single	瞳距測量與焦度計、驗光生普考｜眼鏡光學概要	右眼-4.00DS/-1.00DC×180，左眼-5.00DS/-1.00DC×090，已知單眼PD 相等，雙眼總PD 	觀念 散光鏡片水平偏心的雙眼稜鏡量 白話理解 雙眼 PD 60 mm、DBOC 66 mm，總差 6 mm，單眼各偏心 
s114-optometry-exam106-u04-opt-q0063	single	瞳距測量與焦度計、驗光生普考｜驗光學概要	一個5 Δ的稜鏡能使光線在2 公尺處偏移多少距離？	觀念 稜鏡度與距離偏移 白話理解 5Δ 代表每 1 m 偏移 5 cm；距離加倍到 2 m，線性偏移也加倍為 10 cm
s114-optometry-exam106-u04-opt-q0066	single	瞳距測量與焦度計、驗光生普考｜驗光學概要	若兩眼配戴球面凹透鏡片，而鏡片光學中心間距離（distance between optic center, DBOC）大	觀念 負鏡 DBOC 大於 PD 的稜鏡方向 白話理解 DBOC 大於 PD 時，視線通過每片鏡片光心的鼻側。凹透鏡可視
s114-optometry-exam107-u04-opt-q0084	single	瞳距測量與焦度計、驗光師特考｜視覺光學	若兩眼有不等視，配戴一眼為遠視 +3.00 D、一眼為近視 -3.00 D 的眼鏡時，若兩眼同時從鏡片的光學中 心下方8	觀念 反號不等視的垂直稜鏡不平衡 白話理解 兩眼都從光心下方 8 mm 看。+3.00 D 正鏡產生 0.8×3＝2.4
s114-optometry-exam107-u04-opt-q0085	single	瞳距測量與焦度計、驗光師特考｜視覺光學	在一個正位眼的受試者右眼眼前方，放上一個基底向外4△ 的稜鏡，受試者右眼看到的視標是移向那個方向？	觀念 稜鏡的光線偏折與影像位移 白話理解 稜鏡使光線向基底偏折，但物體的視位置會朝稜鏡頂點方向移動。右眼前放 base 
s114-optometry-exam107-u04-opt-q0086	single	瞳距測量與焦度計、驗光師特考｜視覺光學	一位高度遠視的小朋友配戴一副正確的遠方矯正的眼鏡，當他閱讀時最可能產生怎樣的稜鏡效應？	觀念 正鏡閱讀視線的垂直與水平稜鏡 白話理解 高度遠視配戴正鏡。閱讀時視線向下且向鼻側會聚：正鏡的基底朝光學中心，因此通
s114-optometry-exam107-u04-opt-q0087	single	瞳距測量與焦度計、驗光師特考｜視覺光學	一個配戴右眼 -2.00 DS，左眼 -4.00 DS 眼鏡的人，原本雙眼的鏡片中心都正對著視線，但是打籃球被撞到， 造	觀念 整副負鏡位移造成的雙眼稜鏡不平衡 白話理解 眼鏡整體向左、向下移 5 mm，等於兩眼光心都在瞳孔左側與下方。負鏡的
s114-optometry-exam107-u04-opt-q0088	single	瞳距測量與焦度計、驗光師特考｜視覺光學	眼鏡鏡片的稜鏡其形狀往往最接近下列何者？	觀念 眼用稜鏡鏡片的實際形態 白話理解 眼用稜鏡為兼顧厚度、重量與裝框，常製成具有彎月式曲面的稜鏡鏡片，而不是單純教科書
s114-optometry-exam107-u04-opt-q0092	single	瞳距測量與焦度計、驗光師特考｜隱形眼鏡學與配鏡學	右眼鏡片-5.00DS/-1.00DC×090，左眼鏡片-4.00DS/-1.00DC×180，如右眼鏡片光學中心往上偏	觀念 散光鏡片垂直偏心 白話理解 垂直偏心要用 90° 主經線功率。右眼 −5/−1×90 在 90° 為 −5 D；光
s114-optometry-exam107-u04-opt-q0093	single	瞳距測量與焦度計、驗光師特考｜隱形眼鏡學與配鏡學	鏡片-6.00DS/-2.00DC×090，如果測量出4 個稜鏡度的水平稜鏡量，則表示測量時偏離中心多少？	觀念 由稜鏡量反推散光鏡片偏心 白話理解 水平偏心使用 180° 主經線功率。−6/−2×90 在 180° 的總功率為
s114-optometry-exam107-u04-opt-q0102	single	瞳距測量與焦度計、驗光師高考｜視覺光學	若兩眼有不等視，配戴一眼為遠視+5.00 D、一眼為遠視+1.00 D 的眼鏡時，若兩眼同時從鏡片的光學中心 下方 8 	觀念 同號不等視的垂直稜鏡差 白話理解 兩眼同從光心下方 8 mm 看，正鏡皆產生 BU。+5 D 為 0.8×5＝4.
s114-optometry-exam107-u04-opt-q0103	single	瞳距測量與焦度計、驗光師高考｜視覺光學	透過鏡片-8.00DS/-2.00DC×180 的光學中心點上方3 mm 左方5 mm 之處，觀看10 m 外之物體，請	觀念 散光鏡片斜向偏心的影像位移 白話理解 鏡片 −8/−2×180 的垂直 90° 功率為 −10 D，向上偏 3 m
s114-optometry-exam107-u04-opt-q0106	single	瞳距測量與焦度計、驗光師高考｜隱形眼鏡學與配鏡學	眼鏡處方右眼遠視+5.00 DS，左眼遠視+5.00 DS，瞳距為62 mm，右眼瞳距32 mm 及左眼瞳距30 mm，	觀念 以正鏡偏心製作雙眼 BO 白話理解 總處方 4Δ BO 平分為每眼 2Δ BO。+5.00 D 正鏡要產生 2Δ，
s114-optometry-exam107-u04-opt-q0110	single	瞳距測量與焦度計、驗光生特考｜眼鏡光學概要	一個稜鏡度數是代表？	觀念 稜鏡度定義 白話理解 稜鏡度是眼用稜鏡的線性偏移定義：在距離稜鏡 1 公尺的屏幕上，每偏移 1 公分即為 1 pr
s114-optometry-exam107-u04-opt-q0131	single	瞳距測量與焦度計、驗光生普考｜眼鏡光學概要	光線經過稜鏡，在200 cm 距離處，光線偏移了20 mm，所以這個稜鏡的稜鏡度數是？	觀念 稜鏡度換算 白話理解 20 mm＝2 cm，距離 200 cm＝2 m；P＝2 cm÷2 m＝1Δ。 口訣 公分偏
s114-optometry-exam107-u04-opt-q0132	single	瞳距測量與焦度計、驗光生普考｜眼鏡光學概要	當一近視眼鏡（-5.00 D）在配戴時，鏡片向上偏移10 mm 時，會在視軸產生下列何種稜鏡效果？	觀念 負鏡垂直偏心 白話理解 鏡片向上移 10 mm，視軸通過負鏡光心下方；負鏡基底朝周邊，故為 BD。P＝1 cm×5
s114-optometry-exam107-u04-opt-q0133	single	瞳距測量與焦度計、驗光生普考｜眼鏡光學概要	使用鏡片驗度儀測量一付三光鏡片（trifocal lens）的前頂點度數之參數如下：遠距離部分-0.75 DS，中距 離	觀念 三光鏡 ADD 白話理解 ADD 以近距離區度數減遠距離區度數：+1.75−(−0.75)＝+2.50 D；中距離
s114-optometry-exam107-u04-opt-q0134	single	瞳距測量與焦度計、驗光生普考｜眼鏡光學概要	使用光學式鏡片驗度儀測量眼鏡的度數時，先測量右眼鏡片+1.50 D，再測量左眼鏡片-2.50 D 時發現驗度 儀裡面的光	觀念 驗度儀由稜鏡讀值找光心 白話理解 左鏡 −2.50 D 的 target 在水平線下方 2Δ；由 P＝cF 得 c
s114-optometry-exam107-u04-opt-q0137	single	瞳距測量與焦度計、驗光生普考｜驗光學概要	眼睛通過球面透鏡的光學中心視物時，其稜鏡效應為何？	觀念 光學中心 白話理解 Prentice 法則 P＝cF；通過光學中心時 c＝0，所以不論鏡片度數多大，誘發稜鏡皆為 
s114-optometry-exam107-u04-opt-q0142	single	瞳距測量與焦度計、驗光生普考｜驗光學概要	當你用鏡片驗度儀檢測一副眼鏡，發覺其光學中心點不在十字標線的中心點上，則這鏡片有下列何種效 果？	觀念 驗度儀 target 偏心 白話理解 驗度儀 target 未落在十字中心，表示測量點不是鏡片光學中心，該點存在偏
s114-optometry-exam107-u04-opt-q0145	single	瞳距測量與焦度計、驗光生普考｜驗光學概要	有關瞳孔距離（interpupillary distance，PD）測量的描述，下列何者錯誤？	觀念 PD 測量 白話理解 近用距離越短，內聚越多、近 PD 越小；PD 可量角膜反光或同側輪部；近用 PD 尺測量時檢
s114-optometry-exam108-u04-opt-q0155	single	瞳距測量與焦度計、驗光師特考｜視覺光學	光束經一稜鏡折射後，在400 cm 遠之處偏移了30 cm，此稜鏡的度數是多少？	觀念 稜鏡度換算 白話理解 400 cm＝4 m，P＝30 cm÷4 m＝7.5Δ。 口訣 30公分除4公尺。 考點與解
s114-optometry-exam108-u04-opt-q0156	single	瞳距測量與焦度計、驗光師特考｜視覺光學	透過鏡片plano/+5.00DC×090 的光學中心點下方5 mm、右方5 mm 之處，觀看6 m 外之物體，其影像位	觀念 純柱鏡偏心 白話理解 plano/+5×90 的垂直90°功率為0，故上下不偏；水平180°功率為+5 D，右偏5
s114-optometry-exam108-u04-opt-q0160	single	瞳距測量與焦度計、驗光師特考｜隱形眼鏡學與配鏡學	使用傳統的十字視標鏡片驗度儀測量鏡片度數，當鏡片後表面抵著鏡片托，其測量的度數稱為？	觀念 驗度儀頂點度數 白話理解 鏡片後表面抵住 lens stop 時，驗度儀量到的是從後頂點到後焦點所對應的 back
s114-optometry-exam108-u04-opt-q0164	single	瞳距測量與焦度計、驗光師高考｜視光學	看遠瞳距為65 mm 的患者，在40 cm 閱讀距離的瞳距最接近多少？	觀念 近用 PD 估算 白話理解 近用PD≈65×400/(400+27)≈60.9 mm，最接近61 mm。 口訣 4
s114-optometry-exam108-u04-opt-q0168	single	瞳距測量與焦度計、驗光師高考｜視覺光學	一個右眼近視，左眼遠視的病人配戴眼鏡矯正，當他向下閱讀書報時會感覺到什麼樣的稜鏡效應？	觀念 反號不等視閱讀稜鏡 白話理解 閱讀時視線向下、向鼻側。負鏡基底朝周邊，右眼下方為BD、鼻側為BI；正鏡基底朝中心，
s114-optometry-exam108-u04-opt-q0169	single	瞳距測量與焦度計、驗光師高考｜視覺光學	一成年人右眼配戴-5.00DS/-1.00DC×180 之鏡片，請問當其鏡片光學中心位於瞳孔鼻側4 mm，上方5 mm 	觀念 球柱鏡二維偏心 白話理解 水平180°功率為−5D，鼻側光心4mm使視軸在顳側，負鏡產生2Δ BO；垂直90°功率
s114-optometry-exam108-u04-opt-q0170	single	瞳距測量與焦度計、驗光師高考｜視覺光學	雙眼均配戴+7.50 D 的遠視眼小孩，瞳距為58 mm，其兩眼鏡片的光學中心經測量相距62 mm，戴這副眼 鏡時會造成	觀念 正鏡光心距過大 白話理解 DBOC比PD大4mm，每眼偏2mm＝0.2cm；正鏡每眼0.2×7.5＝1.5Δ BO
s114-optometry-exam108-u04-opt-q0174	single	瞳距測量與焦度計、驗光師高考｜視覺光學	一片-8.00 D屈光度的冕牌玻璃鏡片，影像產生稜鏡度2.0Δ的偏移，那物體偏離鏡片光學中心約為多少cm？	觀念 Prentice 反算偏心 白話理解 c＝P/F＝2÷8＝0.25 cm。 口訣 2除8等於四分之一公分。 考點與
s114-optometry-exam108-u04-opt-q0175	single	瞳距測量與焦度計、驗光師高考｜隱形眼鏡學與配鏡學	配鏡處方R：-6.00 DS，L：-5.00 DS，右眼鏡片的光學中心位於幾何中心之上方2 mm，左眼鏡片的 光學中心位	觀念 垂直差異稜鏡 白話理解 以幾何中心為視線位置，負鏡OC在上會產生BD。OD：0.2×6＝1.2Δ BD；OS：0.
s114-optometry-exam108-u04-opt-q0176	single	瞳距測量與焦度計、驗光師高考｜隱形眼鏡學與配鏡學	使用驗度儀測量一片鏡片的光學中心，發現無法在視窗中看到十字視標，因此加上一片 8 稜鏡度基 底朝內的輔助鏡，在視窗中看到	觀念 驗度儀輔助稜鏡向量 白話理解 輔助鏡8Δ BI與視窗讀到4Δ BO、2Δ BU作向量還原；原鏡水平量需克服8 BI
s114-optometry-exam108-u04-opt-q0177	single	瞳距測量與焦度計、驗光師高考｜隱形眼鏡學與配鏡學	個案配鏡處方OD：-3.00DS/-2.00DC×045，OS：-2.00DS/-1.50DC×135，PD：64 mm	觀念 斜柱鏡水平有效功率 白話理解 DBOC比PD大4mm，每眼偏2mm。45°柱鏡在水平的有效功率為球面加一半柱鏡：O
s114-optometry-exam108-u04-opt-q0179	single	瞳距測量與焦度計、驗光生特考｜眼鏡光學概要	光線通過稜鏡後在距離2 m 處偏移4 cm，則此稜鏡之稜鏡度為： 0.5	觀念 稜鏡度 白話理解 2 m處偏4 cm，P＝4÷2＝2Δ。 口訣 4公分除2公尺。 考點與解題步驟 - P＝4/2＝
s114-optometry-exam108-u04-opt-q0180	single	瞳距測量與焦度計、驗光生特考｜眼鏡光學概要	一患者配鏡處方為右眼-2.00 DS，左眼-3.00 DS，看近物時，雙眼會同時向下偏移5 mm，他將因此感受到 的總稜	觀念 負鏡看近垂直差 白話理解 向下5mm看負鏡皆產生BD。OD：0.5×2＝1Δ；OS：0.5×3＝1.5Δ；雙眼垂直
s114-optometry-exam108-u04-opt-q0181	single	瞳距測量與焦度計、驗光生特考｜眼鏡光學概要	若雙眼皆為-5.00 D 的近視眼鏡，其光學中心距離（distance between optic center; DB	觀念 負鏡DBOC過大 白話理解 DBOC比PD大6mm，每眼偏3mm。負鏡每眼0.3×5＝1.5Δ BI，雙眼合計3Δ
s114-optometry-exam108-u04-opt-q0183	single	瞳距測量與焦度計、驗光生特考｜驗光學概要	球面透鏡的稜鏡效應隨視線與鏡片光學中心的距離增加而如何變化？	觀念 偏心與稜鏡量 白話理解 Prentice法則P=cF；鏡片度數固定時，視線離光心越遠，偏心c越大，稜鏡量線性增加。
s114-optometry-exam108-u04-opt-q0189	single	瞳距測量與焦度計、驗光生特考｜驗光學概要	常用的自動鏡片驗度儀可以檢查出鏡片的各種光學特性，下列何者除外？	觀念 自動驗度儀功能 白話理解 儀器可量球柱度數、軸、ADD與稜鏡，但眼別是配鏡與標記資訊，不是鏡片本身可量出的光學性質
s114-optometry-exam108-u04-opt-q0198	single	瞳距測量與焦度計、驗光生普考｜眼鏡光學概要	一直線經過稜鏡後，於距離200 cm 偏移10 cm，則稜鏡量是多少稜鏡度？	觀念 稜鏡度 白話理解 200cm＝2m，P＝10cm÷2m＝5Δ。 口訣 10公分除2公尺。 考點與解題步驟 - 10
s114-optometry-exam108-u04-opt-q0200	single	瞳距測量與焦度計、驗光生普考｜眼鏡光學概要	左眼用3Δ 基底朝鼻側之稜鏡，若欲以360°底向標示法表示，應為下列何者？	觀念 稜鏡360度底向 白話理解 360°標示中，0°向右、90°向上、180°向左、270°向下；左眼鼻側位於患者左方
s114-optometry-exam108-u04-opt-q0201	single	瞳距測量與焦度計、驗光生普考｜眼鏡光學概要	眼鏡的右眼處方-3.00 DS，左眼處方-5.00 DS，瞳距為58 mm，眼鏡的光學中心均向上偏移2 mm，雙眼配 戴	觀念 同偏心異度數差異稜鏡 白話理解 兩光心均上移2mm，負鏡皆產生BD。OD0.2×3＝0.6Δ，OS0.2×5＝1.
s114-optometry-exam108-u04-opt-q0202	single	瞳距測量與焦度計、驗光生普考｜眼鏡光學概要	驗光師以稜鏡配鏡矯正，在患者左眼前放置一個稜鏡片，左眼看到影像往右偏移，此稜鏡的擺放方向為何？	觀念 影像與稜鏡頂點 白話理解 影像視位置朝稜鏡頂點移動。影像往右，頂點在右，基底必在左。 口訣 像往頂；像右則base
s114-optometry-exam108-u04-opt-q0203	single	瞳距測量與焦度計、驗光生普考｜眼鏡光學概要	對於垂直稜鏡的敘述，單眼前方放置一基底朝上的稜鏡所產生效果，等同於另一眼放置何種稜鏡方向可 產生同等效應？	觀念 垂直稜鏡等效轉換 白話理解 雙眼垂直稜鏡可用yoked相反眼等效表示；一眼BU造成的相對影像差，等同另一眼BD。 
s114-optometry-exam108-u04-opt-q0207	single	瞳距測量與焦度計、驗光生普考｜驗光學概要	一塊-5.00 D 的球面透鏡，與視軸產生4 mm 的偏心，會對眼睛造成多少稜鏡量的稜鏡效應？	觀念 偏心稜鏡量 白話理解 4mm＝0.4cm，P＝0.4×5＝2Δ。 口訣 4mm變0.4cm。 考點與解題步驟 - 
s114-optometry-exam108-u04-opt-q0212	single	瞳距測量與焦度計、驗光生普考｜驗光學概要	鏡片驗度儀上，在60 度的位置上取得鏡片的度數為-1.00 D，在150 度的位置上取得鏡片的度數為-2.00 D， 則	觀念 驗度儀兩主經線處方 白話理解 60°主經線−1D、150°主經線−2D；負柱式以較正−1D為sphere，柱鏡−1
s114-optometry-exam109-u04-opt-q0224	single	瞳距測量與焦度計、驗光師特考｜視覺光學	劉先生運動時將鏡架撞歪，經過觀察發現，鏡架向劉先生的右邊偏斜1 公分，若劉先生的度數右眼為 -5.00DS/-2.00D	觀念 鏡架水平位移的差異稜鏡 白話理解 鏡架整體右移1cm，兩眼負鏡產生同向但不同量的水平稜鏡；扣除共同yoked分量後
s114-optometry-exam109-u04-opt-q0225	single	瞳距測量與焦度計、驗光師特考｜視覺光學	遠視成年人，測量其所戴眼鏡之鏡片光學中心點相距68 mm，而實際測量其雙眼瞳距（interpupillary dista	觀念 正鏡DBOC大於PD 白話理解 遠視正鏡DBOC 68大於PD 62，視線通過光心鼻側；正鏡基底朝光心，故雙眼皆B
s114-optometry-exam109-u04-opt-q0230	single	瞳距測量與焦度計、驗光師特考｜隱形眼鏡學與配鏡學	某右眼鏡片的處方為+3.00DS/-3.00DC×090，若鏡片向外偏移4 mm，並向下徧移3 mm，其產生的稜鏡 效應	觀念 球柱鏡方向功率 白話理解 +3/−3×90在180°功率為0，故水平外移無效；90°功率為+3D，垂直下移3mm產
s114-optometry-exam109-u04-opt-q0238	single	瞳距測量與焦度計、驗光師高考｜視覺光學	單眼透過+7.50 D 之球面鏡觀看8 公尺外之物體，其影像往右往下分別偏移了36 及48 公分，請問其瞳孔 及鏡片光學	觀念 影像位移反推正鏡光心 白話理解 8m處右偏36cm＝4.5Δ，c＝4.5/7.5＝0.6cm；下偏48cm＝6Δ，
s114-optometry-exam109-u04-opt-q0242	single	瞳距測量與焦度計、驗光師高考｜視覺光學	有一個不等視的患者，右眼度數+5.25 DS，左眼度數+2.50 DS，當他閱讀時，雙眼視線會從鏡片光學中心 往下方5 	觀念 正鏡近用雙眼稜鏡 白話理解 向下5mm正鏡皆BU，差＝0.5×(5.25−2.5)=1.375Δ；鼻側2mm皆BO
s114-optometry-exam109-u04-opt-q0244	single	瞳距測量與焦度計、驗光師高考｜隱形眼鏡學與配鏡學	製作完成一副眼鏡後，重新定位後發現右眼的主要參考點在鏡片光學中心的顳側4 mm 處，右眼處方為 -3.00DS/-1.5	觀念 MRP偏心稜鏡 白話理解 MRP在光心顳側4mm，水平用180°功率：−3/−1.5×90在180°為−4.5D。
s114-optometry-exam109-u04-opt-q0245	single	瞳距測量與焦度計、驗光生特考｜眼鏡光學概要	使用傳統的十字視標鏡片驗度儀，當單條標線在-5.00 處清晰且柱軸調節輪指在45，若柱軸調節輪維持不 變，三條標線在-3	觀念 十字視標驗度儀 白話理解 兩焦線讀值−5.00與−3.50D，差+1.50D；正柱式以較負−5.00作sphere
s114-optometry-exam109-u04-opt-q0246	single	瞳距測量與焦度計、驗光生特考｜眼鏡光學概要	將+4.00 D 之球面鏡片置於右眼，處方指定2Δ基底朝外，則此鏡片需如何偏心，才能得到正確的稜鏡量？	觀念 正鏡製作BO 白話理解 c＝P/F＝2/4＝0.5cm＝5mm；正鏡基底朝光心，要右眼BO就將光心向外移。 口訣 
s114-optometry-exam109-u04-opt-q0247	single	瞳距測量與焦度計、驗光生特考｜眼鏡光學概要	配戴一單光球面鏡片，鏡片的光學中心向下偏移4 mm，產生2Δ 基底朝上的稜鏡效應，此鏡片的屈光度數 是多少？	觀念 由偏心方向反推鏡片符號 白話理解 F＝P/c＝2/0.4＝5D。光心向下卻產生BU，表示負鏡基底朝遠離光心的上方，
s114-optometry-exam109-u04-opt-q0254	single	瞳距測量與焦度計、驗光生特考｜驗光學概要	一眼鏡右眼鏡片使用驗度儀（lensometer）檢查，+2.50 D 時可見到短軸清晰並對準090 軸度，於+1.25 	觀念 驗度儀焦線讀值 白話理解 兩主經線為+2.50與+1.25D，負柱式以較正+2.50作sphere，差−1.25；
s114-optometry-exam109-u04-opt-q0261	single	瞳距測量與焦度計、驗光生普考｜眼鏡光學概要	當光線經過眼鏡片光學中心以外的點時，光線會發生偏折，因此所注視的物體的成像位置與實際位置會發 生偏離之現象稱為下列何者？	觀念 偏心觀看 白話理解 視線通過光心以外位置，鏡片局部可視為稜鏡，造成光線偏折與影像位置偏移。 口訣 離光心看，先想到
s114-optometry-exam109-u04-opt-q0263	single	瞳距測量與焦度計、驗光生普考｜眼鏡光學概要	操作驗度儀測量鏡片度數，若以鏡片的前表面抵著驗度儀的鏡片托，則所測量的度數稱為：	觀念 前頂點力 白話理解 鏡片前表面抵住lens stop時，儀器基準在前頂點，量得front vertex power
s114-optometry-exam109-u04-opt-q0264	single	瞳距測量與焦度計、驗光生普考｜眼鏡光學概要	使用鏡片驗度儀量測某鏡片度數，儀器顯示畫面如下圖所示，依顯示畫面判斷此鏡片有多少稜鏡度與基底 方向？	觀念 驗度儀reticle稜鏡判讀 白話理解 原圖可見驗度儀 target 中心位於 reticle 中心上方約 1 r
s114-optometry-exam109-u04-opt-q0265	single	瞳距測量與焦度計、驗光生普考｜眼鏡光學概要	使用鏡片驗度儀檢測鏡片屈光度，量測下列何種鏡片時，會使鏡片移動方向與觀察畫面的十字光標產生逆 動？	觀念 鏡片移動法辨正負 白話理解 手動移動鏡片觀察target時，負鏡造成與鏡片移動相反的視標位移；正鏡則呈同向。 口訣
s114-optometry-exam109-u04-opt-q0266	single	瞳距測量與焦度計、驗光生普考｜眼鏡光學概要	將一球柱面透鏡放在鏡片自動驗度儀，測量度數結果顯示為S：+1.25；C：-0.75；A：045，下列何者符合 此量測結果	觀念 球柱處方主經線 白話理解 +1.25/−0.75×45在軸45°功率為+1.25D，垂直135°為+0.50D；依
s114-optometry-exam109-u04-opt-q0271	single	瞳距測量與焦度計、驗光生普考｜驗光學概要	遠視患者若配戴的矯正眼鏡光學中心距離大於瞳孔距離時，將產生何種方向的稜鏡效應？	觀念 正鏡水平偏心 白話理解 遠視正鏡OC距大於PD，視線穿過光心鼻側；正鏡基底朝光心，因此兩眼皆BO。 口訣 正鏡OC
s114-optometry-exam109-u04-opt-q0284	single	瞳距測量與焦度計、驗光生普考｜驗光學概要	測量受驗者近距離的瞳距，在30 公分的瞳距比40 公分來得小，這是因為眼球增加：	觀念 近用PD 白話理解 目標越近，雙眼視軸向鼻側會聚角度越大，在鏡片平面的瞳距縮小。 口訣 越近越內聚，PD越小。 選
s114-optometry-exam110-u04-opt-q0297	single	瞳距測量與焦度計、驗光師高考｜視覺光學	一患者右眼-3.25DS/-1.75DC×180，左眼+0.75DS/-1.25DC×180，閱讀時會從光學中心下方3 	觀念 反號散光鏡垂直不平衡 白話理解 依原題答案表與指定校正，本題採右眼 1.35Δ base down。其計算使用題庫
s114-optometry-exam110-u04-opt-q0298	single	瞳距測量與焦度計、驗光師高考｜視覺光學	光束分別通過距離光學中心點5 mm 之+8.00 DS 與-8.00 DS 的透鏡，其所得到的稜鏡效應為何？	觀念 正負鏡稜鏡量 白話理解 P=c F ；偏心相同0.5cm、度數絕對值同為8D，皆為4Δ，只是基底方向相反。 口訣 
s114-optometry-exam110-u04-opt-q0299	single	瞳距測量與焦度計、驗光師高考｜視覺光學	根據普倫提西氏法則（Prentice’s rule），下列那一項敘述正確？	觀念 Prentice法則 白話理解 Prentice P=cF；F=0時P=0。稜鏡量隨度數與偏心距離增加，柱鏡還會隨
s114-optometry-exam110-u04-opt-q0300	single	瞳距測量與焦度計、驗光師高考｜視覺光學	光束經一12 稜鏡度（prism diopter）之稜鏡折射後，在多遠的距離此光束偏移的幅度為80 cm？	觀念 稜鏡偏移反算距離 白話理解 12Δ代表每公尺偏12cm；要偏80cm，距離＝80÷12＝6.67m。 口訣 距離=
s114-optometry-exam110-u04-opt-q0301	single	瞳距測量與焦度計、驗光師高考｜視覺光學	在病人的右眼前面配戴一個基底朝向鼻子的稜鏡，則入射的光線和看到的影像會有什麼變化？	觀念 BI稜鏡光與像 白話理解 右眼base in即基底朝鼻側／患者左方；光線偏向基底左，視像偏向頂點右。 口訣 光往b
s114-optometry-exam110-u04-opt-q0306	single	瞳距測量與焦度計、驗光生普考｜眼鏡光學概要	當光線通過有10 個稜鏡度的稜鏡之後，光線在10 m 處會偏移多少距離？	觀念 稜鏡距離偏移 白話理解 10Δ每公尺偏10cm；10m偏100cm＝1m。 口訣 10Δ×10m=100cm。 考
s114-optometry-exam110-u04-opt-q0307	single	瞳距測量與焦度計、驗光生普考｜眼鏡光學概要	某右眼鏡片度數為plano/-4.00DC×180，右眼PD = 32 mm，若眼鏡的右PD 誤做為37 mm，其產生的	觀念 柱鏡軸向無功率 白話理解 plano/−4×180在水平180°主經線功率為0；右PD水平誤差5mm乘0D仍為0Δ
s114-optometry-exam110-u04-opt-q0308	single	瞳距測量與焦度計、驗光生普考｜眼鏡光學概要	右眼的鏡片處方為-1.00DS/-1.00DC×180，當右眼配戴後產生0.4Δ 基底朝上的稜鏡量，則鏡片的光學中心 偏	觀念 由垂直稜鏡反推OC 白話理解 垂直90°功率為−2D，c=0.4/2=0.2cm=2mm。負鏡光心向下時，視軸在上
s114-optometry-exam111-u04-opt-q0325	single	瞳距測量與焦度計、驗光師高考｜視光學	近視患者若配戴的矯正眼鏡光學中心距大於瞳孔距時，將產生何種方向的稜鏡效應？	觀念 負鏡DBOC大 白話理解 視線通過負鏡光心鼻側，負鏡基底朝周邊鼻側，雙眼皆base in。 口訣 負鏡光心在外＝B
s114-optometry-exam111-u04-opt-q0334	single	瞳距測量與焦度計、驗光師高考｜視覺光學	一光線經過聚碳酸酯稜鏡後，可使光線在距離稜鏡40 cm 處偏移5 cm，則該稜鏡之稜鏡度為何？	觀念 短距離稜鏡換算 白話理解 40cm＝0.4m，P＝5cm÷0.4m＝12.5Δ。 口訣 5公分除0.4公尺。 考點
s114-optometry-exam111-u04-opt-q0335	single	瞳距測量與焦度計、驗光師高考｜視覺光學	一個凹透鏡度數-5.00 D 的鏡片，透鏡光學中心向外偏移瞳孔中心4 mm，將會產生怎樣的稜鏡效果？	觀念 負鏡OC外移 白話理解 光心向外4mm，視軸通過負鏡鼻側周邊，負鏡基底朝鼻側BI；P＝0.4×5＝2Δ。 口訣 負
s114-optometry-exam111-u04-opt-q0336	single	瞳距測量與焦度計、驗光師高考｜隱形眼鏡學與配鏡學	患者眼鏡度數分別為OD：-4.25DS /-1.50DC×180，OS：+0.50DS/-1.25DC×180，其眼鏡被	觀念 球柱鏡架位移的雙眼等效稜鏡 白話理解 鏡架右移、下滑後，各眼球柱鏡在水平與垂直方向產生不同稜鏡；將共同yoked分
s114-optometry-exam111-u04-opt-q0337	single	瞳距測量與焦度計、驗光師高考｜隱形眼鏡學與配鏡學	有關半自動驗度儀（lensometer）之敘述，下列何者錯誤？	觀念 半自動驗度儀部件 白話理解 稜鏡量由reticle上target偏心讀取；eyepiece先調焦、lens sto
s114-optometry-exam111-u04-opt-q0338	single	瞳距測量與焦度計、驗光師高考｜隱形眼鏡學與配鏡學	使用驗度儀量測漸進多焦點鏡片時，如何量測及計算可以準確得到加入度？	觀念 漸進鏡ADD量測 白話理解 多焦鏡ADD應在相同頂點基準下比較；量前頂點時近、遠區都以前頂點力相減。 口訣 近遠必
s114-optometry-exam111-u04-opt-q0346	single	瞳距測量與焦度計、驗光生普考｜眼鏡光學概要	假如使用驗度儀去測量鏡片，右眼鏡片測量到2∆BU 和左眼鏡片測量到3∆BD，下列敘述何者正確？	觀念 雙眼垂直稜鏡等效 白話理解 OD 2BU與OS 3BD為相反基底，造成的雙眼垂直差相加5Δ；可全數等效寫在右眼為5
s114-optometry-exam111-u04-opt-q0347	single	瞳距測量與焦度計、驗光生普考｜眼鏡光學概要	患者左眼鏡片處方+1.50DS/-2.50DC×090，右眼鏡片處方-1.00DS/-1.00DC×180，雙眼鏡片中心	觀念 由誘發稜鏡反推PD 白話理解 DBOC62mm與PD差造成0.4Δ BO。依兩眼水平有效功率與偏心分配反推，PD需
s114-optometry-exam111-u04-opt-q0348	single	瞳距測量與焦度計、驗光生普考｜眼鏡光學概要	鏡片度數為-5.50 D，其向外偏移2 mm，向下偏移3 mm，其產生的稜鏡效應為何？	觀念 負球鏡二維偏心 白話理解 負鏡光心向外2mm，使視軸通過鼻側周邊，P=0.2×5.5=1.1BI；光心向下3mm，
s114-optometry-exam111-u04-opt-q0349	single	瞳距測量與焦度計、驗光生普考｜眼鏡光學概要	若稜鏡度數為0.5∆，使物體位移了50 mm，則該物體與稜鏡之距離為何？	觀念 稜鏡反算距離 白話理解 50mm＝5cm；d＝偏移/Δ＝5/0.5＝10m。 口訣 5公分除0.5Δ。 考點與解題
s114-optometry-exam111-u04-opt-q0356	single	瞳距測量與焦度計、驗光生普考｜驗光學概要	有關驗度儀（lensometer）的測量可以獲得下列何種資訊？ ①後頂點屈光度（back vertex power）②前	觀念 驗度儀資訊 白話理解 lensometer量鏡片頂點屈光力、軸、ADD、prism與光心；不直接量前表面曲率。 口
s114-optometry-exam111-u04-opt-q0357	single	瞳距測量與焦度計、驗光生普考｜驗光學概要	用驗度儀檢測到患者眼鏡的右眼鏡-5.00 D，戴上眼鏡之後，患者的視線軸在水平線上向外側偏離光學中心 4 mm，這稜鏡效	觀念 負鏡顳側觀看 白話理解 視線在負鏡光心外側4mm，P=0.4×5=2Δ；負鏡基底朝周邊外側，故BO。 口訣 負鏡看
s114-optometry-exam112-u04-opt-q0370	single	瞳距測量與焦度計、驗光師高考｜視光學	若根據受測者的遠方瞳距與平時的近用閱讀距離進行計算，下列選項何者之近用眼鏡瞳距最大？	觀念 近PD比較 白話理解 近PD隨遠PD增大而增大，閱讀距離越遠縮小越少；D同時遠PD最大且距離最遠。 口訣 遠PD大
s114-optometry-exam112-u04-opt-q0372	single	瞳距測量與焦度計、驗光師高考｜視覺光學	一透鏡第一焦距長為+25 公分，透過光學中心上方4 公分處觀看物體時，會產生多少稜鏡效應？	觀念 焦距轉度數與Prentice 白話理解 第一焦距 +25 cm 代表 +4.00 D；從光學中心上方 4 cm 看
s114-optometry-exam112-u04-opt-q0373	single	瞳距測量與焦度計、驗光師高考｜視覺光學	根據Prentice’s rule，若一眼睛透過處方+2.50DS/-4.00DC×180 的鏡片，觀看眼前方100 c	觀念 球柱鏡水平偏心 白話理解 向內水平偏心使用180°主經線功率；處方+2.50/−4×180在180°為+2.50D
s114-optometry-exam112-u04-opt-q0374	single	瞳距測量與焦度計、驗光師高考｜視覺光學	謝先生遠用處方為右眼度數-10.50 DS；左眼度數為-12.00 DS，光學中心與瞳孔距離皆為64 mm。若用此眼 鏡	觀念 高度近視看近稜鏡 白話理解 遠PD64、近PD60，每眼向鼻側偏2mm。負鏡看鼻側產生BI：OD0.2×10.5=
s114-optometry-exam112-u04-opt-q0375	single	瞳距測量與焦度計、驗光師高考｜視覺光學	一個病患的眼鏡（plano/-2.00DC×180）相對瞳孔中心往鼻側位移了5mm，往下方位移3mm。這時將引起 多少稜	觀念 純柱鏡二維位移 白話理解 plano/−2×180在水平180°功率0，鼻側位移無水平稜鏡；垂直90°功率−2D，
s114-optometry-exam112-u04-opt-q0378	single	瞳距測量與焦度計、驗光師高考｜視覺光學	當+3.00DS/-5.00DC×090 的鏡片從瞳孔中心朝鼻側偏移4 mm，合併朝上側偏移2 mm，在水平面和垂直面 	觀念 球柱鏡方向功率 白話理解 水平180°功率=+3−5=−2D，鼻側偏4mm得0.8Δ；垂直90°功率+3D，上偏2
s114-optometry-exam112-u04-opt-q0379	single	瞳距測量與焦度計、驗光師高考｜隱形眼鏡學與配鏡學	某患者處方為OD：-4.00DS，OS：-2.00DS，遠用瞳距為64mm，單眼瞳距為OD：34mm，OS：30 mm，	觀念 單眼PD錯置 白話理解 OD光心比所需鼻側2mm、OS比所需顳側2mm；負鏡各產生相對水平稜鏡，兩眼量0.8與0.
s114-optometry-exam112-u04-opt-q0380	single	瞳距測量與焦度計、驗光師高考｜隱形眼鏡學與配鏡學	有一患者需配製稜鏡鏡片，依開立處方者的方法，若此稜鏡位於配戴右眼，基底方向朝向檢查者之右 邊，另一稜鏡位於配戴左眼，基底	觀念 檢查者視角與患者鼻顳方向 白話理解 檢查者面對患者時，檢查者右邊是患者左方。右眼base朝檢查者右即朝鼻側；左眼b
s114-optometry-exam112-u04-opt-q0381	single	瞳距測量與焦度計、驗光師高考｜隱形眼鏡學與配鏡學	有一-4.00DS/-1.00DC×090 鏡片之光學中心點，從瞳孔中心向外偏移5 mm，則其產生的稜鏡效應及 基底方向	觀念 負球柱鏡水平偏心 白話理解 水平180°功率為−5D；OC向外5mm使視軸通過鼻側，負鏡產生BI。P=0.5×5=
s114-optometry-exam112-u04-opt-q0383	single	瞳距測量與焦度計、驗光生普考｜眼鏡光學概要	R 4ΔBase Up/L 2ΔBase Out 欲將此稜鏡度分至兩眼時，可處方為：	觀念 稜鏡雙眼分配 白話理解 垂直R4BU可平均分成R2BU與L2BD；水平L2BO可平均分成雙眼各1BO。 口訣 垂直
s114-optometry-exam112-u04-opt-q0384	single	瞳距測量與焦度計、驗光生普考｜眼鏡光學概要	在測量單焦點透鏡時，度數量度儀（lensometer）主要是測量透鏡的何種參數？	觀念 lensometer主要量測 白話理解 單焦眼鏡鏡片通常後表面抵lens stop，儀器讀back vertex 
s114-optometry-exam112-u04-opt-q0385	single	瞳距測量與焦度計、驗光生普考｜眼鏡光學概要	將-5.00 DS 的透鏡置於左眼，若要產生2Δ 基底朝外的稜鏡量，要如何移心？	觀念 負鏡製作BO 白話理解 c=2/5=0.4cm。負鏡基底朝周邊；左眼要BO（顳側），視軸需在顳側周邊，因此光心向鼻
s114-optometry-exam112-u04-opt-q0386	single	瞳距測量與焦度計、驗光生普考｜眼鏡光學概要	個案兩眼皆為-4.00DS/-1.00DC×180，若要使左眼產生2ΔBU，左眼鏡片的光學中心點與右眼的相對位 置為何？	觀念 負鏡垂直移心 白話理解 依原題答案表與指定校正，左眼光心需比右眼低 4 mm。方向上負鏡要產生 BU，光學中心必須
s114-optometry-exam112-u04-opt-q0392	single	瞳距測量與焦度計、驗光生普考｜驗光學概要	使用鏡片驗度儀（lensometer）量測患者的眼鏡時，發現其光學中心點不在十字標線的中心點上，此鏡片上 最可能有何種效	觀念 驗度儀光心 白話理解 光學中心是零稜鏡點；測量點偏離光心時，驗度儀十字target會偏離reticle中心。 口訣
s114-optometry-exam113-u04-opt-q0408	single	瞳距測量與焦度計、驗光師高考｜視光學	使用鏡片驗度儀量測鏡片時，無法得到下列那一個資訊？	觀念 驗度儀限制 白話理解 驗度儀可量總後頂點力、軸、prism與光心，但不分解單獨前後表面曲率／表面屈光力。 口訣 量
s114-optometry-exam113-u04-opt-q0411	single	瞳距測量與焦度計、驗光師高考｜視覺光學	患者右眼配戴+2.50D/-2.50DC×090 的鏡片，左眼配戴plano/+2.50DC×180 的鏡片，當患者看近	觀念 球柱鏡近用差異稜鏡 白話理解 分解兩眼在鼻側2mm、下方2mm的主經線功率後，兩眼誘發量在相對雙眼效果上互相匹配，
s114-optometry-exam113-u04-opt-q0412	single	瞳距測量與焦度計、驗光師高考｜視覺光學	兩個稜鏡處方分別為2∆基底方向90o及3∆基底方向270o，將兩個稜鏡的稜鏡度向量合成後，其稜鏡度為何？	觀念 反向稜鏡向量 白話理解 2Δ@90向上，3Δ@270向下，反向相減後剩1Δ向下270°。 口訣 上下反向取差，跟較
s114-optometry-exam113-u04-opt-q0414	single	瞳距測量與焦度計、驗光生普考｜眼鏡光學概要	使用半自動驗度儀測量左眼鏡片，此鏡片為平光鏡片但觀看到影像如下圖，下列敘述何者正確？	觀念 驗度儀圖片判稜鏡 白話理解 原圖可見 target 水平偏離中心約 2 rings；依左眼驗度儀基底方向判讀，為 
s114-optometry-exam113-u04-opt-q0415	single	瞳距測量與焦度計、驗光生普考｜眼鏡光學概要	右眼鏡片：-4.00DS/-1.00DC × 45，左眼鏡片：-5.00DS/-1.00DC × 45，若右眼鏡片光學中	觀念 斜柱鏡垂直有效功率 白話理解 45°柱鏡在垂直方向有效功率為sphere加一半cyl：OD−4.5D、OS−5.5
s114-optometry-course114-u04-opt-teacher-04-01	single	瞳距測量與焦度計、老師課堂題目	一個 5△ 的稜鏡能使光線在 2 公尺處偏移多少距離？	觀念 稜鏡度定義 白話理解 稜鏡度定義為在 1 m 距離造成 1 cm 偏移；5△ 在 2 m 造成 5×2＝10 cm
s114-optometry-course114-u04-opt-teacher-04-02	single	瞳距測量與焦度計、老師課堂題目	用驗度儀檢測到患者右眼鏡片為 −5.00 D。戴上眼鏡後，右眼視線軸在水平線上向外側偏離光學中心 4 mm，該稜鏡效應為	觀念 Prentice 定律與負鏡片基底方向 白話理解 Prentice 定律 P＝cF。偏心 4 mm＝0.4 cm，
s114-optometry-course114-u04-opt-teacher-04-03	single	瞳距測量與焦度計、老師課堂題目	若兩眼配戴球面凹透鏡片，而鏡片光學中心間距離（DBOC）大於配戴者瞳孔間距離，向正前方直視時會產生何種稜鏡效應？	觀念 水平偏心與凹透鏡稜鏡效應 白話理解 DBOC 大於 PD 時，兩眼視線都通過各鏡片光學中心的鼻側。凹透鏡的基底方向
s114-optometry-course114-u04-opt-teacher-04-04	single	瞳距測量與焦度計、老師課堂題目	右眼 −6.00 DS、左眼 −8.00 DS；患者 PD 66 mm（右 34、左 32），鏡片 DBOC 66 mm	觀念 單眼 PD、DBOC 與水平稜鏡不平衡 白話理解 右眼視線比 OC 外移 4 mm，−6 D 產生 2.4△ BO
s114-optometry-exam114-u04-opt-q0436	single	瞳距測量與焦度計、驗光師高考｜視覺光學	有一片-5.00 DS 的球鏡，在施做時鏡片中心不小心往瞳孔中心的鼻側偏移4 公釐（mm），往下側偏移3 公 釐，會造什	觀念 負鏡鼻下移心 白話理解 負鏡OC鼻移4mm，視軸在顳側周邊，產生2Δ BO；OC下移3mm，視軸在上方周邊，產生1
s114-optometry-exam114-u04-opt-q0438	single	瞳距測量與焦度計、驗光師高考｜隱形眼鏡學與配鏡學	使用鏡片驗度儀測量眼鏡鏡片度數呈現下圖時（圖A 為-2.00 D，圖B 為-4.00 D），則該鏡片度數為何？	觀念 驗度儀圖示處方 白話理解 兩焦線分別在 −2.00 D 與 −4.00 D 清晰，柱鏡差為 −2.00 D；原圖線
s114-optometry-exam114-u04-opt-q0443	single	瞳距測量與焦度計、驗光生普考｜眼鏡光學概要	當一副眼鏡對配戴者的右眼產生2ΔBU，左眼產生3ΔBD，這副眼鏡對於配戴者左眼相較於右眼共產生了多 少稜鏡量？	觀念 雙眼垂直相對稜鏡 白話理解 右眼2BU與左眼3BD方向相反，相對差相加5Δ；以左眼相對右眼表示為BD。 口訣 一上
s114-optometry-exam114-u04-opt-q0444	single	瞳距測量與焦度計、驗光生普考｜眼鏡光學概要	遮住右眼，將稜鏡置於左眼前方，稜鏡的基底朝內（鼻側），則此人所見影像將往被檢者的那一個方向位移？	觀念 左眼BI影像方向 白話理解 左眼base in基底朝鼻側，即患者右方；影像移向頂點，頂點在患者左方。 口訣 像往a
s114-optometry-exam114-u04-opt-q0445	single	瞳距測量與焦度計、驗光生普考｜眼鏡光學概要	當眼睛從光學中心下方10 mm 看出去時，下列那個處方的垂直稜鏡效應最小？	觀念 球柱鏡垂直差異稜鏡 白話理解 向下10mm時看90°主經線功率。A：OD−3、OS−4，差1Δ；B：−6與−7.5
s114-optometry-exam106-u05-opt-q0006	single	客觀驗光：視網膜檢影與綜合驗光儀、驗光師特考｜視光學	關於視網膜檢影鏡檢查，下列何者錯誤？	觀念 檢影的順動、逆動與中和 白話理解 反光與光帶同向叫順動，反向叫逆動；中和時反光明亮、寬大、充滿瞳孔且看不出移動。 
s114-optometry-exam106-u05-opt-q0008	single	客觀驗光：視網膜檢影與綜合驗光儀、驗光師特考｜視光學	一病患的屈光度數為-5.00 DS，沒有散光，若使用視網膜檢影鏡檢查此病患，請問下列何者錯誤？	觀念 遠點位置與檢影中和 白話理解 −5.00 D 眼的遠點在 20 cm；30 cm 位於遠點外故逆動，10 cm 位
s114-optometry-exam106-u05-opt-q0010	single	客觀驗光：視網膜檢影與綜合驗光儀、驗光師特考｜視光學	使用視網膜檢影鏡檢查病患，病患眼球在180 度方向可用-1.00 DS 達到中和，在90 度方向可用-2.00 DS 達	觀念 檢影毛值扣工作距離 白話理解 50 cm 工作距離是 2.00 D，兩主經線毛值均減 2.00 D：180° 為 
s114-optometry-exam106-u05-opt-q0012	single	客觀驗光：視網膜檢影與綜合驗光儀、驗光師特考｜視光學	網膜鏡檢查時，距離受檢者眼前50 cm 處投射平行光源於受測眼，其網膜反射光呈現逆動。則受檢者當 時的屈光狀態為：	觀念 由檢影動向估計屈光狀態 白話理解 50 cm 工作距離相當於 2.00 D。裸眼呈逆動，表示遠點位於受檢眼與檢查者
s114-optometry-exam106-u05-opt-q0013	single	客觀驗光：視網膜檢影與綜合驗光儀、驗光師特考｜視光學	進行視網膜檢影鏡鏡檢時，在67 cm 的習慣工作距離處看到逆動（即紋的反射方向與網膜鏡檢的運動相 反的方向移動），直到靠	觀念 移動式檢影由中和距離求屈光度 白話理解 未加鏡時移到 50 cm 才中和，表示此近視眼的遠點就在眼前 50 cm；
s114-optometry-exam106-u05-opt-q0024	single	客觀驗光：視網膜檢影與綜合驗光儀、驗光師高考｜視光學	視網膜檢影鏡（retinoscopy）檢查時，發現受測者右眼為兩個主軸在45 度與135 度方向的斜向散光，在 距離受測	觀念 斜向散光檢影與工作距離修正 白話理解 50 cm 工作距離為 2.00 D。兩次中和毛值 +1.00 D 與 −0
s114-optometry-exam106-u05-opt-q0025	single	客觀驗光：視網膜檢影與綜合驗光儀、驗光師高考｜視光學	若受測者在無調節狀況下直視遠方視標，且測者在前方33 公分距離用外散光（divergent light）或套管擺 置下方	觀念 逆動、中和距離與近視程度 白話理解 33 cm 工作距離約為 3.00 D。裸眼見逆動表示遠點位於檢查者前方，即受
s114-optometry-exam106-u05-opt-q0026	single	客觀驗光：視網膜檢影與綜合驗光儀、驗光師高考｜視光學	靜態視網膜檢影鏡檢查時，投射平行光，使用+1.00 D 的鏡片，發現受測眼90 度方向於50 公分處可以看 到中和點。同	觀念 不同距離中和的散光主經線換算 白話理解 中和鏡片毛值為 +1.00 D。90° 在 50 cm 中和，淨值為 +1
s114-optometry-exam106-u05-opt-q0027	single	客觀驗光：視網膜檢影與綜合驗光儀、驗光師高考｜視光學	靜態視網膜檢影鏡檢查時，在距離受檢者眼前50 cm 處投射平行光源於受測眼，同時兩眼都戴上+2.00 D 的鏡片。其視網	觀念 使用工作輔助鏡時的檢影動向 白話理解 50 cm 檢影時雙眼戴 +2.00 D，這枚鏡片正好作為工作距離輔助鏡；正
s114-optometry-exam106-u05-opt-q0028	single	客觀驗光：視網膜檢影與綜合驗光儀、驗光師高考｜視光學	視網膜檢影鏡之工作距離，指的是患者的眼睛到視網膜檢影鏡的距離。當工作距離為50 公分，且無工作 輔助鏡片時，若可用-4.	觀念 檢影毛值扣工作距離 白話理解 50 cm 工作距離為 2.00 D；未使用工作輔助鏡時，中和毛值 −4.00 D 
s114-optometry-exam106-u05-opt-q0029	single	客觀驗光：視網膜檢影與綜合驗光儀、驗光師高考｜視光學	視網膜檢影鏡之工作距離，指的是患者的眼睛到視網膜檢影鏡的距離。當工作距離拉長到為67 公分，且 未使用工作輔助鏡片，以鏡	觀念 散光檢影處方的工作距離修正 白話理解 67 cm 工作距離約為 1.50 D。未使用工作輔助鏡，所以只將球面毛值 
s114-optometry-exam106-u05-opt-q0030	single	客觀驗光：視網膜檢影與綜合驗光儀、驗光師高考｜視光學	採用視網膜檢影鏡且使用工作輔助鏡片時，檢影鏡光束線條放在90 度時測得-4.50 D，檢影鏡光束線條放 在180 度時測	觀念 檢影光帶方向與主經線處方整理 白話理解 已使用工作輔助鏡，讀值可直接整理，不再扣工作距離。光束線條在 90° 時取
s114-optometry-exam106-u05-opt-q0035	single	客觀驗光：視網膜檢影與綜合驗光儀、驗光師高考｜視覺光學	用插片式驗光方法，視網膜鏡檢影在矯正工作距離後，在30 軸度得到的屈光度是-11.00 DS，而在 120 軸度得到的屈	觀念 由兩主經線整理正式散光處方 白話理解 兩主經線為 30° 的 −11.00 D 與 120° 的 −3.00 D。
s114-optometry-exam106-u05-opt-q0048	single	客觀驗光：視網膜檢影與綜合驗光儀、驗光生特考｜驗光學概要	以視網膜檢影鏡檢查病人屈光狀態時，上下滑動網膜鏡的套筒（sleeve）主要是為了調整？	觀念 檢影鏡套筒的功能 白話理解 上下移動 sleeve 會改變燈絲相對於鏡片與反射鏡的位置，使出射光由會聚與發散狀態互
s114-optometry-exam106-u05-opt-q0049	single	客觀驗光：視網膜檢影與綜合驗光儀、驗光生特考｜驗光學概要	採用視網膜檢影鏡時，檢影鏡光束線條放在90 度時測得-3.50DS，檢影鏡光束線條放在180 度時測得 -2.50DS，	觀念 檢影光帶與散光主經線 白話理解 光束線條方向與所測功率主經線互相垂直。光束 90° 得 −3.50 D，代表 18
s114-optometry-exam106-u05-opt-q0052	single	客觀驗光：視網膜檢影與綜合驗光儀、驗光生特考｜驗光學概要	視網膜檢影鏡之工作距離，指的是患者的眼睛到視網膜檢影鏡的距離。當工作距離拉長到為67 公分時， 檢影用屈光度為-5.00	觀念 67 cm 檢影工作距離修正 白話理解 67 cm 工作距離約為 1.50 D。若題目未說已使用工作輔助鏡，檢影毛
s114-optometry-exam106-u05-opt-q0055	single	客觀驗光：視網膜檢影與綜合驗光儀、驗光生特考｜驗光學概要	下列檢查何者不屬於他覺式驗光（objective refraction）方法？	觀念 他覺式與自覺式驗光分類 白話理解 紅綠測試需要受測者主觀比較紅底與綠底視標哪邊較清楚，屬自覺式精修；電腦驗光、檢影
s114-optometry-exam106-u05-opt-q0068	single	客觀驗光：視網膜檢影與綜合驗光儀、驗光生普考｜驗光學概要	在67 公分處使用平行光進行靜態視網膜檢影（static retinoscopy）並中和後，若向前移動至50 公分工作 	觀念 改變檢影距離後的反光方向 白話理解 在 67 cm 中和表示受測系統遠點位於 67 cm。檢查者往前移到 50 c
s114-optometry-exam106-u05-opt-q0069	single	客觀驗光：視網膜檢影與綜合驗光儀、驗光生普考｜驗光學概要	在進行靜態視網膜檢影時，工作距離為67 公分，但你誤放入+2.00 D 的工作距離輔助鏡片。若患者的實 際近視度數為-3	觀念 錯誤工作距離輔助鏡對檢影讀值的影響 白話理解 67 cm 中和所需總眼前鏡片，須使 −3.00 D 眼變成工作距離
s114-optometry-exam106-u05-opt-q0070	single	客觀驗光：視網膜檢影與綜合驗光儀、驗光生普考｜驗光學概要	測者在80 公分處進行視網膜檢影測量時，利用+4.75 D 中和眼底之反射光，其受測眼的度數為下列何者？	觀念 80 cm 檢影工作距離修正 白話理解 80 cm 工作距離等於 1.25 D。中和毛值為 +4.75 D，未使用
s114-optometry-exam106-u05-opt-q0071	single	客觀驗光：視網膜檢影與綜合驗光儀、驗光生普考｜驗光學概要	關於他覺式驗光法的敘述，下列何者正確？	觀念 他覺式驗光定義 白話理解 他覺式驗光不依賴受測者對清晰度的主觀判斷，而由檢查者觀察或儀器量測，如檢影與電腦驗光。 
s114-optometry-exam106-u05-opt-q0072	single	客觀驗光：視網膜檢影與綜合驗光儀、驗光生普考｜驗光學概要	在進行靜態視網膜檢影時，並已放入正確的工作距離輔助鏡片。若最後測出來的患者度數為 -2.50DS/-2.25DC× 09	觀念 由散光處方反推兩方向檢影讀值 白話理解 處方 −2.50/−2.25×90 的 90° 主經線為 −2.50 D，
s114-optometry-exam106-u05-opt-q0073	single	客觀驗光：視網膜檢影與綜合驗光儀、驗光生普考｜驗光學概要	靜態視網膜檢影法中，當平行光束成水平，檢查者將光束向上、下方向移動時，是檢查那個主徑的度數？	觀念 檢影光束與掃動方向的主經線判讀 白話理解 光束呈水平而向上下移動時，掃動方向為垂直 90°；依題庫採用的檢影操作定
s114-optometry-exam106-u05-opt-q0074	single	客觀驗光：視網膜檢影與綜合驗光儀、驗光生普考｜驗光學概要	在50 公分工作距離處進行靜態視網膜檢影，但並無放入工作距離輔助鏡片。當加入-3.25 D 鏡片時反射光 為中和，則此患	觀念 50 cm 檢影毛值修正 白話理解 50 cm 工作距離為 2.00 D。未放工作距離鏡時，中和毛值 −3.25 
s114-optometry-exam107-u05-opt-q0080	single	客觀驗光：視網膜檢影與綜合驗光儀、驗光師特考｜視光學	靜態視網膜檢影鏡（static retinoscopy）檢查時投射平行光，距離病患眼睛66 cm 時呈現逆動，病患此眼屈	觀念 66 cm 檢影動向判定 白話理解 66 cm 工作距離約為 1.50 D。裸眼在此處呈逆動，表示遠點位於受檢眼與
s114-optometry-exam107-u05-opt-q0083	single	客觀驗光：視網膜檢影與綜合驗光儀、驗光師特考｜視光學	有關視網膜檢影鏡（retinoscopy）檢查的敘述，下列何者最不適當？	觀念 檢影散光線索與動向判讀 白話理解 break、thickness 與 skew 都可協助發現與定軸散光。平面鏡、正
s114-optometry-exam107-u05-opt-q0098	single	客觀驗光：視網膜檢影與綜合驗光儀、驗光師高考｜視光學	當一位驗光師在67 cm 的工作距離為病人做條狀視網膜鏡（streak retinoscopy）檢影法檢查，得到的結果 	觀念 67 cm 散光檢影毛值轉處方 白話理解 67 cm 工作距離為 1.50 D。水平 streak 中和 +3.0
s114-optometry-exam107-u05-opt-q0109	single	客觀驗光：視網膜檢影與綜合驗光儀、驗光生特考｜眼鏡光學概要	顧客調節放鬆下，用視網膜檢影鏡和輔助鏡片+2.00 D，發現15 度方向於50 cm 處可以看到中和點。同樣 使用+2.	觀念 不同中和距離反推斜散光 白話理解 同戴 +2.00 D 時，15° 經線在 50 cm 中和，淨屈光力為 +2−2
s114-optometry-exam107-u05-opt-q0114	single	客觀驗光：視網膜檢影與綜合驗光儀、驗光生特考｜驗光學概要	在操作視網膜檢影鏡時，因綜合驗光儀（phoropter）已有預設的補助鏡片，所以你的工作距離應是：	觀念 phoropter 預設工作鏡與距離 白話理解 綜合驗光儀常預設 +1.50 D 的檢影工作距離輔助鏡，對應距離約
s114-optometry-exam107-u05-opt-q0115	single	客觀驗光：視網膜檢影與綜合驗光儀、驗光生特考｜驗光學概要	視網膜檢影鏡檢查在67 cm 處完成中和之後，檢查者往前進至40 cm 處，應可見到受檢者的網膜反射光變 成下列何者？	觀念 中和後改變工作距離 白話理解 67 cm 中和表示遠點在該處。檢查者向前移到 40 cm，位於遠點內側；平面鏡模式
s114-optometry-exam107-u05-opt-q0116	single	客觀驗光：視網膜檢影與綜合驗光儀、驗光生特考｜驗光學概要	視網膜檢影鏡檢查，當受檢者只有球面度數，如果是逆動時，每次應該加入那一種鏡片直到中和為止？	觀念 球面檢影逆動的中和方向 白話理解 只有球面屈光不正時，平面鏡模式下見逆動，需逐步加入負球面鏡，使遠點向檢查者移動直
s114-optometry-exam107-u05-opt-q0117	single	客觀驗光：視網膜檢影與綜合驗光儀、驗光生特考｜驗光學概要	操作視網膜檢影鏡檢查受檢者的遠點時，因為受檢者調節的不穩定而會使瞳孔大小也不穩定，這時你應 該懷疑受檢者有下列何種狀況？	觀念 調節痙攣與假性近視 白話理解 調節不穩定會使檢影反光與瞳孔大小波動，代表睫狀肌張力可能時強時弱；調節痙攣可造成屈光
s114-optometry-exam107-u05-opt-q0118	single	客觀驗光：視網膜檢影與綜合驗光儀、驗光生特考｜驗光學概要	條狀（streak）視網膜檢影鏡測量時，縱向光束角度為80 度，用-2.50 D 取得中和點。橫向光束角度為170 度，	觀念 斜散光檢影與 67 cm 修正 白話理解 67 cm 工作距離為 1.50 D。兩主經線中和毛值 −2.50 與 
s114-optometry-exam107-u05-opt-q0119	single	客觀驗光：視網膜檢影與綜合驗光儀、驗光生特考｜驗光學概要	視網膜檢影鏡檢查時，下列那一項不是觀測的項目？	觀念 檢影反光的觀察要素 白話理解 檢影主要觀察反光的方向、速度、亮度、寬度、斷裂與偏斜等形態；光的波長或顏色不是用來判
s114-optometry-exam107-u05-opt-q0139	single	客觀驗光：視網膜檢影與綜合驗光儀、近點調節 NPA 與近點聚合 NPC、驗光生普考｜驗光學概要	不用綜合驗光儀，只用視網膜檢影鏡，你在工作距離67 cm 處取得患者遠點（共軛點）時，則此患者有 下列何種屈光不正？	觀念 裸眼中和距離 白話理解 未用 phoropter 或工作鏡，裸眼在 67 cm 取得遠點中和，遠點屈光力為 1/0
s114-optometry-exam108-u05-opt-q0150	single	客觀驗光：視網膜檢影與綜合驗光儀、驗光師特考｜視光學	有關視網膜檢影鏡（retinoscopy）檢查的敘述，下列何者最不適當？	觀念 散光檢影現象 白話理解 skew 是光帶與反光未對準散光軸時出現斜向移動，可用於定軸；不同經線反光厚薄不同稱 th
s114-optometry-exam108-u05-opt-q0151	single	客觀驗光：視網膜檢影與綜合驗光儀、驗光師特考｜視光學	視網膜檢影鏡檢查距離病患眼睛66 cm 投射平行光，使用鏡片-3.50 D 在垂直方向呈現中和，-2.00 D 在180	觀念 散光檢影修正 白話理解 66 cm WD 約 1.50 D。兩毛值 −3.50、−2.00 修正後為 −5.00、
s114-optometry-exam108-u05-opt-q0161	single	客觀驗光：視網膜檢影與綜合驗光儀、驗光師高考｜視光學	有關利用鏡片組（lens rack）做視網膜檢影鏡檢查，下列敘述何者最不適當？	觀念 檢影中和毛值 白話理解 若未使用正確工作輔助鏡，達中和的毛值仍需扣工作距離；散光需分主經線中和，結果可作後續主觀驗
s114-optometry-exam108-u05-opt-q0162	single	客觀驗光：視網膜檢影與綜合驗光儀、驗光師高考｜視光學	視網膜檢影鏡檢查投射平行光，使用+1.50 D 鏡片，距離病患眼睛66 cm 於180 度方向掃描呈現中和點， 同樣投射	觀念 不同距離主經線中和 白話理解 180方向66cm中和：+1.5−1.5＝0D；90方向50cm中和：+1.5−2＝
s114-optometry-exam108-u05-opt-q0166	single	客觀驗光：視網膜檢影與綜合驗光儀、驗光師高考｜視覺光學	透過檢影鏡檢查患者之屈光度數，在距離患者67 cm 處，測得軸度10 度方向的中和點度數為-6.25 D，在 軸度100	觀念 斜散光檢影 白話理解 67cm兩毛值各減1.50，得−7.75與−7.25 D；負柱式以較正−7.25作spher
s114-optometry-exam108-u05-opt-q0188	single	客觀驗光：視網膜檢影與綜合驗光儀、驗光生特考｜驗光學概要	視網膜檢影鏡測量時，在被檢者在90 度方向得到的中和度數鏡片為+3.00 D，在180 度方向得到的中和度 數鏡片為+5	觀念 正值散光檢影 白話理解 50cm兩毛值各減2D，得到90°方向+1D、180°方向+3D；負柱式以+3D為sphe
s114-optometry-exam108-u05-opt-q0199	single	客觀驗光：視網膜檢影與綜合驗光儀、驗光生普考｜眼鏡光學概要	在調節放鬆下，使用視網膜檢影鏡檢查戴著度數為-3.00DS/-1.50DC×180 眼鏡的病患。若檢查距離為50 cm，	觀念 戴原鏡檢影精修 白話理解 50cm時戴原鏡再加+2.00於180經線恰抵WD，表示該經線原鏡正確；90經線只需+1
s114-optometry-exam108-u05-opt-q0211	single	客觀驗光：視網膜檢影與綜合驗光儀、驗光生普考｜驗光學概要	視網膜檢影鏡檢查時，如果一開始觀察到逆動，下列何項作法可以觀察到接近中和的反射？	觀念 逆動與移動中和 白話理解 一開始逆動表示檢查者位於遠點外側；縮短工作距離、往病人靠近，會接近其遠點並達中和。 口訣
s114-optometry-exam108-u05-opt-q0213	single	客觀驗光：視網膜檢影與綜合驗光儀、驗光生普考｜驗光學概要	靜態視網膜檢影法中，檢測時未加入工作輔助鏡片，檢測距離患者67 cm，得到患者水平方向屈光度為-4.00 D， 垂直方向	觀念 主經線檢影處方 白話理解 67cm WD為1.5D。依題庫對水平/垂直方向配對，修正後兩主經線為−5.5與−3.5
s114-optometry-exam108-u05-opt-q0215	single	客觀驗光：視網膜檢影與綜合驗光儀、驗光生普考｜驗光學概要	操作靜態視網膜檢影鏡檢查（static retinoscopy），以平行光發現患者瞳孔出現檢影鏡反射光呈剪刀狀移 動（s	觀念 檢影剪刀動 白話理解 scissors motion常與不規則屈光、角膜不規則或明顯球面像差相關；題庫選項中年輕近
s114-optometry-exam109-u05-opt-q0219	single	客觀驗光：視網膜檢影與綜合驗光儀、驗光師特考｜視光學	執行靜態視網膜檢影鏡法時，工作距離為66.7 公分，加入+2.00 D 達到中和，則此眼的實際屈光異常為何？	觀念 正值檢影修正 白話理解 66.7cm WD＝1.50D，中和毛值+2.00D；實際＝+2.00−1.50＝+0.5
s114-optometry-exam109-u05-opt-q0220	single	客觀驗光：視網膜檢影與綜合驗光儀、驗光師特考｜視光學	有關視網膜檢影鏡法之敘述，下列何者正確？①屬於自覺式的驗光法 ②主要觀察被檢查者視網膜的反射 光動態 ③靜態視網膜檢影鏡	觀念 檢影法性質 白話理解 retinoscopy是他覺式驗光，觀察視網膜反光動態；靜態檢影目標是定位無調節眼的遠點。 
s114-optometry-exam109-u05-opt-q0221	single	客觀驗光：視網膜檢影與綜合驗光儀、驗光師特考｜視光學	在用視網膜檢影鏡驗光時，若患者使用眼球的調節力，會產生下列何種結果？	觀念 調節污染檢影 白話理解 患者調節會增加眼睛屈光力，使檢影結果看起來更近視；因此可能給太多負鏡，或未給足正鏡。 口訣
s114-optometry-exam109-u05-opt-q0226	single	客觀驗光：視網膜檢影與綜合驗光儀、驗光師特考｜視覺光學	患者配戴-3.50 DS 眼鏡度數，調節放鬆時接受視網膜檢影鏡檢查。在工作距離50 公分處，發現90 度時使 用+1.5	觀念 戴鏡檢影後加ADD 白話理解 戴−3.50鏡檢影，50cm理想中和需+2D。90方向只加+1.5，表示該方向尚需−
s114-optometry-exam109-u05-opt-q0233	single	客觀驗光：視網膜檢影與綜合驗光儀、驗光師高考｜視光學	有關視網膜檢影鏡檢查（retinoscopy）之敘述，下列何者正確？	觀念 檢影誤差來源 白話理解 距離倒數是工作屈光力，尤其距離估計不準時會直接污染最終結果；白內障等介質混濁又使中和端點難
s114-optometry-exam109-u05-opt-q0234	single	客觀驗光：視網膜檢影與綜合驗光儀、驗光師高考｜視光學	用手動綜合驗光儀和檢影鏡驗光時，使用平行光在67 公分處驗光發覺反射光是順動，則這患者最不可能 患有：	觀念 順動屈光狀態 白話理解 67cm工作距離約1.5D；平面鏡下高度近視遠點在檢查者前方，通常呈逆動。低近視、遠視都可
s114-optometry-exam109-u05-opt-q0237	single	客觀驗光：視網膜檢影與綜合驗光儀、驗光師高考｜視覺光學	以靜態視網膜檢影鏡檢查眼睛屈光度，在水平軸測得-3.75 D，在垂直軸測得-5.25 D，其最適當處方為何？	觀念 兩主經線轉正柱 白話理解 兩主經線−3.75與−5.25D；正柱式以較負−5.25作sphere，加+1.50D，
s114-optometry-exam109-u05-opt-q0251	single	客觀驗光：視網膜檢影與綜合驗光儀、驗光生特考｜驗光學概要	以視網膜檢影鏡法，距離病患眼睛50 公分投射平行光，以-3.00 D 鏡片達到中和，此眼屈光度數為多少？	觀念 50cm檢影修正 白話理解 50cm WD＝2D，未用工作鏡，中和毛值−3D再減2D＝−5D。 口訣 毛值減2D。
s114-optometry-exam109-u05-opt-q0253	single	客觀驗光：視網膜檢影與綜合驗光儀、驗光生特考｜驗光學概要	請患者看著遠處的視標，使用平面鏡模式視網膜檢影鏡在67 cm 工作距離上觀察患者眼睛內的光影，下 列何者正確？	觀念 67cm動向判讀 白話理解 67cm平面鏡下逆動代表遠點位於檢查者前，必為超過工作距離屈光力的近視；加負鏡可使遠點
s114-optometry-exam109-u05-opt-q0255	single	客觀驗光：視網膜檢影與綜合驗光儀、驗光生特考｜驗光學概要	進行視網膜檢影鏡檢查時，下列敘述何者正確？	觀念 檢影基本特性 白話理解 接近中和反光會更亮、更快、更寬；檢查室需昏暗但非全黑；順逆動難易不作此絕對判斷。 口訣 客
s114-optometry-exam109-u05-opt-q0256	single	客觀驗光：視網膜檢影與綜合驗光儀、驗光生特考｜驗光學概要	利用靜態視網膜檢影鏡檢查年紀大的受測者，下列那一個方式較不適合？	觀念 老年人靜態檢影 白話理解 遮蓋會讓受測眼失去雙眼遠距固視線索，可能誘發調節，影響靜態檢影；應讓非檢查眼保持注視遠標
s114-optometry-exam109-u05-opt-q0257	single	客觀驗光：視網膜檢影與綜合驗光儀、驗光生特考｜驗光學概要	使用靜態視網膜檢影鏡檢查屈光度時，如果反射光很暗，最不可能是下列那個原因？	觀念 暗反光原因 白話理解 高度屈光不正使反光慢暗窄；白內障阻光、小瞳孔限制光量也會變暗。低度屈光不正接近中和時反而較亮
s114-optometry-exam109-u05-opt-q0262	single	客觀驗光：視網膜檢影與綜合驗光儀、驗光生普考｜眼鏡光學概要	採用視網膜檢影鏡和輔助鏡片時，調節作用放鬆下，在工作距離50 公分處發現中和之光學十字如下，其 眼鏡度數應為何？	觀念 光學十字轉處方 白話理解 「題目」與「圖片」資料夾都沒有本題光學十字圖。原始整理檔標準答案為 B；補到原圖前只能保
s114-optometry-exam109-u05-opt-q0273	single	客觀驗光：視網膜檢影與綜合驗光儀、驗光生普考｜驗光學概要	視網膜檢影鏡的工作補助鏡片，下列何者的檢查結果會產生最大的誤差？	觀念 錯誤工作鏡 白話理解 工作鏡度數與實際工作距離越不匹配，系統性誤差越大；選項中+5D相對常用+1.5或+2D偏差最
s114-optometry-exam109-u05-opt-q0279	single	客觀驗光：視網膜檢影與綜合驗光儀、驗光生普考｜驗光學概要	用視網膜檢影鏡檢查屈光，工作距離為67 公分。在180 度方向用+2.25 D 找到中性網膜反射，而在90 度 方向用+	觀念 67cm正值散光檢影 白話理解 67cm兩毛值各減1.50，得180方向+0.75、90方向+2.00D；負柱式以
s114-optometry-exam109-u05-opt-q0280	single	客觀驗光：視網膜檢影與綜合驗光儀、驗光生普考｜驗光學概要	操作視網膜檢影鏡，透過+1.50 D 的鏡片，掃描50 度方向，可以在67 公分處獲得中和，掃描140 度方向， 可以在	觀念 不同工作距離斜散光 白話理解 50°方向67cm中和：+1.50−1.50＝0D；140°方向40cm中和：+1.
s114-optometry-exam109-u05-opt-q0281	single	客觀驗光：視網膜檢影與綜合驗光儀、驗光生普考｜驗光學概要	視網膜檢影鏡測量屈光度數時，為了降低調節作用的影響，下列何種方式錯誤？	觀念 檢影控制調節 白話理解 注視近處檢影鏡會誘發調節。大視標、較不易刺激調節的視標，以及非檢測眼霧視正鏡，都可協助放鬆
s114-optometry-exam109-u05-opt-q0282	single	客觀驗光：視網膜檢影與綜合驗光儀、驗光生普考｜驗光學概要	在靜態視網膜檢影法（static retinoscopy）檢測過程中，當檢查者以平行光看到「逆動（against mot	觀念 逆動判讀 白話理解 平面鏡模式下逆動表示遠點在患者與檢查者之間，即近視超過工作距離屈光力。 口訣 逆動＝遠點在你前
s114-optometry-exam109-u05-opt-q0283	single	客觀驗光：視網膜檢影與綜合驗光儀、驗光生普考｜驗光學概要	在進行視網膜檢影法時，若被測量者的優勢眼（dominant eye）無法忽略視網膜檢影鏡所發出的光，檢查者 應該位於被檢	觀念 檢影站位 白話理解 由顳側略偏軸檢查，可避免優勢眼過度注意檢影光，同時讓患者較穩定注視遠標。 口訣 優勢眼受光干擾
s114-optometry-exam110-u05-opt-q0291	single	客觀驗光：視網膜檢影與綜合驗光儀、驗光師高考｜視光學	關於視網膜檢影鏡法（retinoscopy）檢查，下列何者最不適當？	觀念 檢影眼別站位 白話理解 同側眼檢查可避免頭部遮擋患者遠標，並維持接近視軸；其餘為標準靜態檢影條件。 口訣 右對右、
s114-optometry-exam110-u05-opt-q0292	single	客觀驗光：視網膜檢影與綜合驗光儀、驗光師高考｜視光學	進行視網膜檢影鏡檢查時，若在患者之眼底反光中觀察到剪刀式反光（scissors’s reflex）可能是由於光學像 差，	觀念 剪刀反光與瞳孔 白話理解 小瞳孔遮蔽周邊不規則光線，使彗差與角膜不規則造成的剪刀動較不明顯；圓錐角膜、疤痕、高度近
s114-optometry-exam110-u05-opt-q0293	single	客觀驗光：視網膜檢影與綜合驗光儀、驗光師高考｜視光學	關於視網膜檢影鏡法（retinoscopy）檢查時，被檢查者眼球在180 度及90 度的方向，皆可以+3.00 D 達到	觀念 球面檢影 白話理解 67cm工作距離1.50D，兩經線毛值都+3D，實際球面＝+3−1.5＝+1.5D，無散光。 
s114-optometry-exam110-u05-opt-q0316	single	客觀驗光：視網膜檢影與綜合驗光儀、驗光生普考｜驗光學概要	有關靜態視網膜檢影法（static retinoscopy）的敘述，下列何者正確？	觀念 靜態檢影條件 白話理解 應用較大遠標、昏暗但非全黑環境，通常用平面鏡模式；目的取得無調節遠點。 口訣 靜態＝遠注視
s114-optometry-exam110-u05-opt-q0318	single	客觀驗光：視網膜檢影與綜合驗光儀、驗光生普考｜驗光學概要	檢查者於距離患者眼前67 cm 處實施靜態視網膜檢影法，使用+2.00 D 的工作輔助鏡片，得到中和度數 為-6.00 	觀念 錯用工作輔助鏡 白話理解 67cm使用+2D工作輔助鏡，但正確WD鏡應+1.5D，多放+0.5D；中和讀值−6D需
s114-optometry-exam110-u05-opt-q0319	single	客觀驗光：視網膜檢影與綜合驗光儀、驗光生普考｜驗光學概要	在進行靜態視網膜檢影法（static retinoscopy）時，看到了「順動（with motion）」，下列何者為此	觀念 順動可能狀態 白話理解 平面鏡下遠點在檢查者後方、眼後虛遠點的遠視、以及正視眼在有限工作距離都呈順動；高度近視通常
s114-optometry-exam111-u05-opt-q0328	single	客觀驗光：視網膜檢影與綜合驗光儀、驗光師高考｜視光學	關於靜態視網膜檢影鏡法（static retinoscopy），下列何者錯誤？	觀念 檢影動向難易 白話理解 平面鏡逆動提示近視並加負鏡；skew提示散光。順動一般較直觀，逆動速度與方向在高度近視時可
s114-optometry-exam111-u05-opt-q0329	single	客觀驗光：視網膜檢影與綜合驗光儀、驗光師高考｜視光學	如果在50 cm 的工作距離下，進行視網膜檢影法，並使用鏡片-5.00DS/-1.00DC×180 可達到中和點，則實 	觀念 球柱檢影WD修正 白話理解 50cm未用工作鏡，球面毛值−5再減2D；柱鏡與軸不變。 口訣 只改sphere，不改
s114-optometry-exam111-u05-opt-q0344	single	客觀驗光：視網膜檢影與綜合驗光儀、驗光生普考｜眼鏡光學概要	以靜態視網膜檢影鏡法（static retinoscopy）測得30°經線（meridian）度數為-9.25 D，12	觀念 主經線轉正柱 白話理解 30°經線−9.25、120°−7.50；正柱式以較負−9.25為sphere，加+1.7
s114-optometry-exam111-u05-opt-q0345	single	客觀驗光：視網膜檢影與綜合驗光儀、驗光生普考｜眼鏡光學概要	以視網膜鏡（retinoscope）搭配工作鏡片檢查，在水平方向測得屈光度為-1.50 D，在垂直方向測得屈光度 為+1	觀念 混合散光處方 白話理解 兩主經線−1.50與+1.50，負柱式以較正+1.50作sphere，差−3.00；軸依題
s114-optometry-exam111-u05-opt-q0354	single	客觀驗光：視網膜檢影與綜合驗光儀、驗光生普考｜驗光學概要	視網膜檢影鏡測量度數時，下列何者對檢查的過程影響最小？	觀念 檢影影響因素 白話理解 調節、瞳孔、弱視或斜視會直接影響反光與固視；在可見範圍內視標亮度相對不是主要誤差來源。 口
s114-optometry-exam111-u05-opt-q0358	single	客觀驗光：視網膜檢影與綜合驗光儀、驗光生普考｜驗光學概要	進行靜態視網膜檢影時，受檢者戴用+1.50DS/-1.00DC×180 鏡片時反射光為完全中和，如工作距離為67 cm，	觀念 工作距離只改sphere 白話理解 67cm毛處方+1.50/−1.00×180，未放工作鏡，sphere減1.5
s114-optometry-exam111-u05-opt-q0359	single	客觀驗光：視網膜檢影與綜合驗光儀、驗光生普考｜驗光學概要	視網膜檢影鏡的光束（light streak）與100 度的方向平行時，反射光（light reflex）被-1.25 	觀念 散光類型分類 白話理解 57cm WD約1.75D；兩毛值修正後約−3.00D與−1.25D，兩主經線皆近視但程度
s114-optometry-exam112-u05-opt-q0367	single	客觀驗光：視網膜檢影與綜合驗光儀、驗光師高考｜視光學	若在距離受測者眼前50 公分處進行靜態視網膜檢影法（static retinoscopy），並輔以+2.00 DS 之工	觀念 有無工作鏡混合讀值 白話理解 第一主經線透過工作鏡+2再加+2中和，依題庫記錄得到+2D；另一主經線移除工作鏡以−
s114-optometry-exam112-u05-opt-q0368	single	客觀驗光：視網膜檢影與綜合驗光儀、驗光師高考｜視光學	以視網膜檢影鏡（retinoscope）驗光，驗光距離為50 cm，利用光學十字標示法得到的結果為 +1.75D@120	觀念 光學十字扣WD 白話理解 50cm兩主經線毛值各減2D：+1.75→−0.25，−2.00→−4.00；負柱式−0
s114-optometry-exam112-u05-opt-q0369	single	客觀驗光：視網膜檢影與綜合驗光儀、驗光師高考｜視光學	除了調節（accommodation）以外，影響視網膜檢影鏡測量結果的因素不包括下列何者？	觀念 檢影誤差因素 白話理解 色差、介質混濁與離軸傾斜會改變檢影結果；光條寬度主要影響觀察便利與端點清楚度，非眼屈光本身
s114-optometry-exam112-u05-opt-q0393	single	客觀驗光：視網膜檢影與綜合驗光儀、驗光生普考｜驗光學概要	驗光師執行視網膜檢影鏡進行驗光時，維持工作距離50 cm，同時將光條擺放於30 度時用-2.00 D 觀察到 中和；而將	觀念 50cm斜散光檢影 白話理解 50cm兩毛值各減2D，得−4.00與−5.50D；負柱式以−4.00作sphere
s114-optometry-exam112-u05-opt-q0394	single	客觀驗光：視網膜檢影與綜合驗光儀、驗光生普考｜驗光學概要	使用視網膜檢影鏡測量被檢者的遠方屈光不正時，當開始測量右眼時，應同時使左眼反射光的屈光狀態調 整為何種狀態為佳？	觀念 雙眼檢影控制調節 白話理解 檢查右眼時讓非檢查眼略霧視、保持遠點在檢查者前，可降低其精細固視與調節介入。 口訣 非
s114-optometry-exam112-u05-opt-q0395	single	客觀驗光：視網膜檢影與綜合驗光儀、驗光生普考｜驗光學概要	視網膜檢影鏡（retinoscope）檢查，距離病患眼睛66 cm 投射平行光，當加入-4.50DS/-1.75DC×0	觀念 66cm處方修正 白話理解 66cm WD約1.5D，sphere毛值−4.5再減1.5成−6D；cyl與axis
s114-optometry-exam112-u05-opt-q0397	single	客觀驗光：視網膜檢影與綜合驗光儀、驗光生普考｜驗光學概要	使用視網膜檢影鏡的工作距離之補助鏡片，其目的是相當於在何種距離做視網膜檢影鏡檢查？	觀念 工作距離鏡目的 白話理解 正確工作鏡抵消檢查者有限距離的屈光需求，使中和讀值可直接視為患者遠距屈光狀態。 口訣 補
s114-optometry-exam112-u05-opt-q0401	single	客觀驗光：視網膜檢影與綜合驗光儀、近點調節 NPA 與近點聚合 NPC、驗光生普考｜驗光學概要	檢影鏡跟屈光檢查後顯示：雙眼+4.00 DS，慣用眼鏡度數是+3.00 DS，調節幅度是5.75 D，透過慣用眼鏡 時的	觀念 低矯遠視的戴鏡近點 白話理解 真遠視+4D但舊鏡只+3D，殘留+1D遠視；AA5.75D扣掉1D後可供近距4.75
s114-optometry-exam113-u05-opt-q0407	single	客觀驗光：視網膜檢影與綜合驗光儀、驗光師高考｜視光學	甲、乙兩位驗光師對同一位病人進行視網膜檢影鏡鏡檢法（retinoscopy），兩位驗光師的工作距離分別是 66.7 cm	觀念 不同WD毛值轉換 白話理解 同一患者實際度數固定。甲67cm毛值−6D，實際sphere−7.5D；乙50cm要中
s114-optometry-exam113-u05-opt-q0410	single	客觀驗光：視網膜檢影與綜合驗光儀、驗光師高考｜視覺光學	當使用視網膜檢影鏡（retinoscopy）執行驗光時，當水平光束驗得+3.0 D，垂直光束驗得+4.0 D，假設驗光 	觀念 光束方向與處方 白話理解 67cm毛值+3與+4各減1.5，得+1.5與+2.5D。依題庫光束方向配對，負柱式+2
s114-optometry-exam113-u05-opt-q0420	single	客觀驗光：視網膜檢影與綜合驗光儀、驗光生普考｜驗光學概要	為老年病人施行視網膜檢影鏡鏡檢法（retinoscopy）時，需要注意一些細節讓測驗更加順利。下列敘述何 者正確？	觀念 老年人檢影技巧 白話理解 老年介質混濁時多片試鏡會增加表面反射、降低對比。亮度不宜無限制最大；縮短WD需精確修正；
s114-optometry-exam113-u05-opt-q0421	single	客觀驗光：視網膜檢影與綜合驗光儀、驗光生普考｜驗光學概要	剛開始利用綜合驗光儀（phoropter）與視網膜檢影鏡鏡檢法（retinoscopy）平行光檢查被檢者時，水平掃動 時	觀念 散光檢影中和順序 白話理解 先處理順動主經線，避免另一經線越過中和；水平順、垂直逆的相對關係依題庫判為WTR。 口
s114-optometry-exam113-u05-opt-q0422	single	客觀驗光：視網膜檢影與綜合驗光儀、驗光生普考｜驗光學概要	視網膜檢影鏡檢查，當受檢者只有球面度數，如果是順動時，每次應該加入那一種鏡片直到中和為止？	觀念 順動中和 白話理解 只有球面度數且平面鏡見順動，加入正球鏡使遠點移向檢查者直至中和。 口訣 順加正、逆加負。 選項
s114-optometry-course114-u05-opt-teacher-05-01	single	客觀驗光：視網膜檢影與綜合驗光儀、老師課堂題目	開始利用綜合驗光儀與視網膜檢影鏡檢查時，水平掃動呈順動、垂直掃動呈逆動。下列敘述何者正確？	觀念 檢影主子午線與順逆規散光 白話理解 水平掃動所檢查的水平子午線呈順動，代表它相對較弱；垂直子午線呈逆動，代表相對較
s114-optometry-course114-u05-opt-teacher-05-02	single	客觀驗光：視網膜檢影與綜合驗光儀、老師課堂題目	為老年病人施行視網膜檢影鏡檢查時，下列何者正確？	觀念 高齡患者檢影操作 白話理解 高齡眼常有媒體混濁；過多試片表面會增加反射、降低進入與返回眼內的光量。白內障並非一律把
s114-optometry-course114-u05-opt-teacher-05-03	single	客觀驗光：視網膜檢影與綜合驗光儀、老師課堂題目	關於視網膜檢影鏡檢查，何者正確？	觀念 檢影工作距離與離軸誤差 白話理解 離軸檢影會引入周邊屈光誤差，因此斜視眼需調整檢查位置與注視目標。年輕遠視若調節未
s114-optometry-course114-u05-opt-teacher-05-04	single	客觀驗光：視網膜檢影與綜合驗光儀、老師課堂題目	關於視網膜檢影鏡檢查，下列何者最不適當？	觀念 檢影姿勢與環境設定 白話理解 一般用同側眼檢查：右眼看患者右眼、左眼看患者左眼，可避免頭部遮住患者注視目標並維持合
s114-optometry-course114-u05-opt-teacher-05-05	single	客觀驗光：視網膜檢影與綜合驗光儀、老師課堂題目	下列關於靜態檢影鏡（static retinoscopy）的敘述何者不適當？	觀念 靜態與動態檢影 白話理解 靜態檢影的目標是使調節盡量放鬆，通常讓患者注視遠方非調節性目標。近距離閱讀會主動誘發調節
s114-optometry-course114-u05-opt-teacher-05-06	single	客觀驗光：視網膜檢影與綜合驗光儀、老師課堂題目	操作視網膜檢影鏡時，綜合驗光儀已選入設計好的工作距離輔助鏡片；若選用 1.50 D 輔助鏡片，工作距離應為何？	觀念 工作距離鏡片 白話理解 工作距離屈光度為距離（公尺）的倒數。1/1.50＝0.667 m，約 67 cm。 口訣 
s114-optometry-exam114-u05-opt-q0430	single	客觀驗光：視網膜檢影與綜合驗光儀、驗光師高考｜視光學	一位驗光師對病人進行視網膜檢影法（retinoscopy），此位驗光師的工作距離是50 cm。發現分別以0.00 D 鏡	觀念 50cm混合毛值 白話理解 50cm毛值0與+2D，各減2D後為−2D與0D；負柱式plano/−2×30。 口訣
s114-optometry-exam114-u05-opt-q0432	single	客觀驗光：視網膜檢影與綜合驗光儀、驗光師高考｜視光學	下列關於靜態檢影鏡（static retinoscopy）的敘述何者不適當？	觀念 靜態檢影目的 白話理解 檢查要求調節放鬆，結果可作主觀驗光起點；無法主觀配合者可作處方重要依據，並可搭配phoro
s114-optometry-exam114-u05-opt-q0433	single	客觀驗光：視網膜檢影與綜合驗光儀、驗光師高考｜視光學	使用靜態檢影鏡（static retinoscopy）測驗時，若檢影鏡使用收束光，並且工作距離為67 cm，觀察到的光 	觀念 凹面鏡模式動向 白話理解 凹面鏡／收束光模式會使一般plane-mirror的順逆動關係反轉，因此順動可提示近視。
s114-optometry-exam114-u05-opt-q0435	single	客觀驗光：視網膜檢影與綜合驗光儀、驗光師高考｜視覺光學	透過檢影鏡，在距離67 公分處檢查一調節放鬆、配戴舊眼鏡-3.00DS/-1.00DC×180 的顧客。測得180 度 	觀念 戴舊鏡檢影更新處方 白話理解 67cm需扣1.5D；戴舊鏡狀態下兩經線附加中和讀值+0.25與−0.50，修正並加
s114-optometry-exam114-u05-opt-q0442	single	客觀驗光：視網膜檢影與綜合驗光儀、驗光生普考｜眼鏡光學概要	用視網膜檢影鏡檢查顧客，發現10 度方向為-3.00 D，100 度方向為-1.50 D。有關受檢者的屈光狀態的敘 述，	觀念 散光類型 白話理解 兩主經線−3D與−1.5D皆為近視，故compound myopic astigmatism；
s114-optometry-exam106-u06-opt-q0002	single	角膜曲率測量：K 值與角膜地圖、驗光師特考｜視光學	某一患眼其電腦驗光值為-5.00DS/-2.25DC × 090°，角膜弧度K 值7.67 mm（44.00 D）@90	觀念 角膜散光與全眼散光 白話理解 兩條 K 值相差 45.00−44.00＝1.00 D。全眼散光為 2.25 D，與
s114-optometry-exam106-u06-opt-q0003	single	角膜曲率測量：K 值與角膜地圖、驗光師特考｜視光學	角膜弧度計檢查曲率半徑結果顯示，90 度方向為8.00 mm，180 度方向為7.50 mm。則角膜為何種散光？ 如何矯	觀念 由角膜半徑判斷散光與軸位 白話理解 半徑越小越陡。180° 為 7.50 mm，比 90° 的 8.00 mm 更
s114-optometry-exam106-u06-opt-q0004	single	角膜曲率測量：K 值與角膜地圖、驗光師特考｜視光學	看遠方時需要配戴+2.00DS/-4.00DC × 180°的眼鏡矯正，可以得到最佳視力。假設受檢者的散光是完全由 角膜	觀念 由負柱鏡處方反推角膜平陡 白話理解 +2.00/−4.00×180 的 180° 主經線為 +2.00 D，90°
s114-optometry-exam106-u06-opt-q0011	single	角膜曲率測量：K 值與角膜地圖、驗光師特考｜視光學	以角膜弧度儀（keratometer）測量角膜弧度，測得的角膜值（keratometer reading）為43.83 	觀念 K 值與角膜曲率半徑換算 白話理解 角膜弧度儀採假設折射率 1.3375 時，可用 r(mm)＝337.5÷F(D
s114-optometry-exam106-u06-opt-q0020	single	角膜曲率測量：K 值與角膜地圖、驗光師特考｜隱形眼鏡學與配鏡學	角膜弧度儀檢查水平和垂直的讀值差0.1 mm，此差異大約相當於多少屈光度（diopter, D）的角膜散光？	觀念 角膜半徑差與角膜散光速估 白話理解 在一般角膜半徑約 7.5–8.0 mm 的範圍，半徑每差 0.10 mm，K 
s114-optometry-exam106-u06-opt-q0053	single	角膜曲率測量：K 值與角膜地圖、驗光生特考｜驗光學概要	在那種情況下角膜弧度儀（keratometer）測出的水平及垂直軸不會相差90 度？	觀念 規則與不規則散光 白話理解 規則散光的兩條主經線必須互相垂直，包含順散光、逆散光與斜散光；若主要經線不相差 90°
s114-optometry-exam106-u06-opt-q0056	single	角膜曲率測量：K 值與角膜地圖、驗光生特考｜驗光學概要	右眼角膜弧度儀檢查結果為42.00D 位於125 度及43.50D 位於035 度，其屬於何種散光？	觀念 由 K 軸判斷斜散光 白話理解 兩主經線 125° 與 35° 正好相差 90°，所以仍是規則散光；但主經線不接近
s114-optometry-exam106-u06-opt-q0061	single	角膜曲率測量：K 值與角膜地圖、驗光生普考｜隱形眼鏡學概要	若眼鏡度數為-1.00DS/-1.00DC× 180，K = 43.00 D@180°/45.00 D@90°，頂點距離	觀念 角膜散光與殘餘散光 白話理解 K 值 43@180、45@90 表示角膜在 90° 較陡，角膜散光約為 −2.00
s114-optometry-exam107-u06-opt-q0104	single	角膜曲率測量：K 值與角膜地圖、驗光師高考｜視覺光學	角膜弧度儀器利用表面反射測量角膜，已知角膜表面反射的屈光度為250 D，則該角膜的曲率半徑為多少？	觀念 角膜表面反射的鏡面曲率 白話理解 將角膜前表面反射視為凸面鏡，鏡面屈光力約 P＝2/r(m)。因此 r＝2/250
s114-optometry-exam107-u06-opt-q0111	single	角膜曲率測量：K 值與角膜地圖、驗光生特考｜隱形眼鏡學概要	關於角膜弧度之測量，下列敘述何者錯誤？	觀念 K 值與隱形眼鏡散光驗配 白話理解 K 值只代表角膜前表面散光；自動或主觀驗光反映全眼散光，還包含水晶體等內部散光
s114-optometry-exam107-u06-opt-q0135	single	角膜曲率測量：K 值與角膜地圖、驗光生普考｜隱形眼鏡學概要	有關角膜弧度的敘述，下列何者錯誤？	觀念 角膜弧度儀量測範圍 白話理解 角膜曲率可用 mm 或 D 表示；半徑越小、曲率屈光力越大，都代表角膜越陡。 口訣 
s114-optometry-exam107-u06-opt-q0136	single	角膜曲率測量：K 值與角膜地圖、驗光生普考｜驗光學概要	若某人的眼鏡處方為：-5.50DS/-2.00DC×090，角膜K 值為：7.85@090、7.50@180，則此人的眼	觀念 全眼與角膜散光比較 白話理解 K 半徑 7.85 與 7.50 mm 約相差 2 D，且角膜較陡主經線方向與全眼 
s114-optometry-exam107-u06-opt-q0140	single	角膜曲率測量：K 值與角膜地圖、驗光生普考｜驗光學概要	角膜弧度儀測出42.50 D 在180 度軸，45.00 D 在90 度軸時，所顯示的角膜散光度數是下列何者？	觀念 K 值轉負柱散光 白話理解 90° K 值 45 D 比 180° 的 42.5 D 陡 2.5 D；負柱鏡軸放在
s114-optometry-exam108-u06-opt-q0152	single	角膜曲率測量：K 值與角膜地圖、驗光師特考｜視光學	有關角膜地圖儀（corneal topography）之敘述，下列何者錯誤？	觀念 角膜地圖與全眼屈光 白話理解 角膜地圖描繪多軸角膜表面，常用 Placido rings；Sim K 可近似 ke
s114-optometry-exam108-u06-opt-q0157	single	角膜曲率測量：K 值與角膜地圖、驗光師特考｜視覺光學	如果以角膜弧度儀（keratometry）測得角膜K 值為46.00 D，則其曲率半徑（radii）為多少？（角膜折射 	觀念 K 值換半徑 白話理解 r＝337.5÷46.00＝7.337 mm，四捨五入 7.34 mm。 口訣 337.5
s114-optometry-exam108-u06-opt-q0158	single	角膜曲率測量：K 值與角膜地圖、驗光師特考｜視覺光學	患者眼睛之K 值：47.25D@15°/43.50D@115°，患者的散光度及類型為下列何者？	觀念 不規則散光判定 白話理解 兩 K 值差 3.75 D，但主經線 15° 與115°相差100°，不是互相垂直，因此
s114-optometry-exam108-u06-opt-q0186	single	角膜曲率測量：K 值與角膜地圖、驗光生特考｜驗光學概要	以角膜弧度儀測得受檢者水平與垂直的屈光度不同，此兩者的差值為下列何者？	觀念 K值差 白話理解 keratometer只測角膜前表面曲率，水平與垂直屈光力差反映角膜散光，不等於全眼散光。 口訣
s114-optometry-exam108-u06-opt-q0187	single	角膜曲率測量：K 值與角膜地圖、驗光生特考｜驗光學概要	角膜弧度儀測量到角膜曲率半徑是7.50 mm，如以角膜折射率1.3375 計算，其相對屈光度為下列何者？	觀念 角膜半徑換K值 白話理解 F＝337.5/r(mm)＝337.5÷7.50＝45.00D。 口訣 7.50mm就是
s114-optometry-exam108-u06-opt-q0190	single	角膜曲率測量：K 值與角膜地圖、驗光生特考｜驗光學概要	當操作角膜弧度儀（keratometry）為患者量測角膜屈光度，假如患者角膜曲率半徑很大，已超出儀器可量 測角膜屈光度數	觀念 K儀延伸量測 白話理解 曲率半徑過大代表角膜太平、K值低於儀器下限；依延伸量測校正法在患者側加入−1.00D試鏡，
s114-optometry-exam108-u06-opt-q0204	single	角膜曲率測量：K 值與角膜地圖、驗光生普考｜隱形眼鏡學概要	眼鏡度數-4.50DS/-0.50DC×180，角膜弧度42.00@180/43.50@090，其計算殘餘散光（calc	觀念 殘餘散光換柱鏡形式 白話理解 角膜K差1.50D，陡在90，角膜散光約−1.50×180；全眼處方−0.50×18
s114-optometry-exam108-u06-opt-q0205	single	角膜曲率測量：K 值與角膜地圖、驗光生普考｜隱形眼鏡學概要	有關角膜弧度測量，下列敘述何者錯誤？	觀念 K儀量測區域 白話理解 角膜中央較陡、周邊較平；頂點偏心會使量測區偏離而失準。K儀不是物理上只能量apex。 口訣
s114-optometry-exam108-u06-opt-q0210	single	角膜曲率測量：K 值與角膜地圖、驗光生普考｜驗光學概要	角膜弧度儀（keratometry）檢查角膜曲率半徑180 度方向 8.25 mm，90 度方向7.75 mm，角膜散光	觀念 半徑判散光 白話理解 90°半徑7.75比180°的8.25小，表示垂直較陡，屬WTR；負柱軸放較平的180°。 
s114-optometry-exam108-u06-opt-q0214	single	角膜曲率測量：K 值與角膜地圖、驗光生普考｜驗光學概要	從觀察被檢者的角膜弧度儀檢測中所出現的扭曲影像（distorted mires），可以幫助檢查者了解被檢者是 否有下列情	觀念 K儀mires品質 白話理解 pterygium、角膜乾燥與淚膜異常都會使反射影像不規則；隱形眼鏡處方度數本身不是
s114-optometry-exam109-u06-opt-q0223	single	角膜曲率測量：K 值與角膜地圖、驗光師特考｜視覺光學	一個人看遠方時需配戴-2.00DS/+1.25DC×180 的眼鏡矯正，可以得到最佳視力。假設此人的散光全由角 膜引起，	觀念 正柱處方反推角膜散光 白話理解 −2/+1.25×180為正柱，180軸無柱力，90方向增加+1.25；等效負柱為
s114-optometry-exam109-u06-opt-q0229	single	角膜曲率測量：K 值與角膜地圖、驗光師特考｜隱形眼鏡學與配鏡學	有一材質Dk 值是40，中心厚度是0.2 mm，試問傳氧率（oxygen transmission）多少？	觀念 隱形眼鏡Dk/t 白話理解 依原題答案表與題目採用的 Dk/t 尺度換算，答案為 20。這類題目的 Dk 與厚度常
s114-optometry-exam109-u06-opt-q0239	single	角膜曲率測量：K 值與角膜地圖、驗光師高考｜視覺光學	若一眼以角膜弧度儀（keratometry）量測出其角膜散光為-2.25 DC×180，則預測其屈光散光（refract	觀念 Javal rule預測 白話理解 依Javal rule，總屈光散光約為1.25倍角膜散光再加約−0.50D A
s114-optometry-exam109-u06-opt-q0240	single	角膜曲率測量：K 值與角膜地圖、驗光師高考｜視覺光學	角膜弧度測量儀測得一角膜弧度曲率半徑為7 mm，如角膜的折射率以1.3375 計算，此角膜屈光度約為：	觀念 半徑轉K值 白話理解 F＝337.5÷7.00＝48.21D。 口訣 7mm角膜很陡，約48.2D。 考點與解題步
s114-optometry-exam109-u06-opt-q0243	single	角膜曲率測量：K 值與角膜地圖、驗光師高考｜隱形眼鏡學與配鏡學	有關角膜弧度測量儀，下列何者錯誤？	觀念 K儀可測項目 白話理解 keratometer是非侵入式角膜前表面曲率量測，主要看中央約3mm，對CL基弧評估重要
s114-optometry-exam109-u06-opt-q0248	single	角膜曲率測量：K 值與角膜地圖、驗光生特考｜隱形眼鏡學概要	關於角膜弧度的測量，下列敘述何者正確？	觀念 K儀假設與判讀 白話理解 相等K值只代表無角膜散光，不代表全眼無散光；半徑越大屈光力越小；垂直半徑較大代表垂直較平
s114-optometry-exam109-u06-opt-q0250	single	角膜曲率測量：K 值與角膜地圖、驗光生特考｜驗光學概要	角膜弧度儀測出43.50 D 在175 度軸，46.25 D 在85 度軸時，若以負圓柱鏡處方表示，其散光的軸度是下 列	觀念 K軸轉負柱軸 白話理解 85°的46.25D較陡，175°的43.50D較平；負柱軸放在較平主經線175°。 口訣
s114-optometry-exam109-u06-opt-q0252	single	角膜曲率測量：K 值與角膜地圖、驗光生特考｜驗光學概要	以角膜弧度儀測量後得檢測值為OD 43.00D@045/45.00D@135，患者的角膜散光型態為何？	觀念 斜散光 白話理解 兩主經線45°與135°互相垂直，但都不接近水平／垂直典型軸，因此是規則斜散光。 口訣 45/1
s114-optometry-exam109-u06-opt-q0267	single	角膜曲率測量：K 值與角膜地圖、驗光生普考｜隱形眼鏡學概要	有關角膜弧度測量儀的敘述，下列何者錯誤？	觀念 K值與調節 白話理解 K儀量角膜前表面曲率與屈光力，是CL基弧的重要依據；調節主要改變水晶體，不改變角膜K值。 口
s114-optometry-exam109-u06-opt-q0268	single	角膜曲率測量：K 值與角膜地圖、驗光生普考｜隱形眼鏡學概要	角膜弧度儀檢查顯示42.00D@180/42.25D@90，自動驗光儀檢查為-2.00DS/-1.00DC×090，則扣	觀念 全眼減角膜求內部散光 白話理解 角膜K差0.25D，陡在90，角膜約−0.25×180；全眼−1.00×90方向相
s114-optometry-exam110-u06-opt-q0296	single	角膜曲率測量：K 值與角膜地圖、驗光師高考｜視覺光學	角膜弧度測量後得到數據：7.25 mm@090；7.45 mm@180，此角膜散光的型態及最接近的度數為何？	觀念 半徑差估角膜散光 白話理解 90°半徑7.25比180°7.45小，垂直較陡為WTR；換算K值差約337.5/7.
s114-optometry-exam110-u06-opt-q0305	single	角膜曲率測量：K 值與角膜地圖、驗光師高考｜隱形眼鏡學與配鏡學	有關角膜弧度測量法（keratometry）的敘述，下列何者錯誤？	觀念 K儀量測區 白話理解 K儀量角膜前表面曲率，可供CL基弧參考；mires形狀反映表面規則性。 口訣 中央直徑約3m
s114-optometry-exam110-u06-opt-q0309	single	角膜曲率測量：K 值與角膜地圖、驗光生普考｜隱形眼鏡學概要	若患者驗光度數為-3.00DS/-4.75DC×180，角膜K 值為9.04 mm（42.00D）@180/7.50 m	觀念 殘餘散光 白話理解 全眼散光−4.75×180，角膜K差3D且陡在90，角膜散光−3×180；殘餘＝−4.75−(
s114-optometry-exam110-u06-opt-q0310	single	角膜曲率測量：K 值與角膜地圖、驗光生普考｜隱形眼鏡學概要	測量之角膜弧度為7.60 mm@180/7.50 mm@090，則角膜散光約有多少屈光度？	觀念 半徑差速估 白話理解 半徑差0.10mm在正常K範圍約對應0.5–0.6D，最接近0.50D。 口訣 0.1mm約
s114-optometry-exam110-u06-opt-q0314	single	角膜曲率測量：K 值與角膜地圖、驗光生普考｜驗光學概要	角膜弧度儀無法檢測下列何者？	觀念 K儀限制 白話理解 K儀可量角膜曲率、估角膜散光並觀察中央mires，但不測球面近視遠視與內部散光的完整處方。 口
s114-optometry-exam110-u06-opt-q0315	single	角膜曲率測量：K 值與角膜地圖、驗光生普考｜驗光學概要	讀取角膜弧度K 值可獲得角膜相關資訊，下列關於K 值之敘述何者最正確？	觀念 K值與mires判讀 白話理解 A另一軸可推為180；B高達48.75D且軸不規則需警覺疾病；C陡在85接近垂直，
s114-optometry-exam110-u06-opt-q0317	single	角膜曲率測量：K 值與角膜地圖、驗光生普考｜驗光學概要	以角膜弧度儀測量，測得患者的角膜弧度H：7.50 mm（45.00 D）@180；V：7.67 mm（44.00 D）@	觀念 K值轉角膜散光 白話理解 180° K45D較陡，90° K44D較平，屬ATR；負柱軸放較平90°，量1D。 口
s114-optometry-exam110-u06-opt-q0320	single	角膜曲率測量：K 值與角膜地圖、驗光生普考｜驗光學概要	經由檢視患者的角膜弧度儀（keratometer）顯示出的扭曲圖像、高屈光度與角膜不規則散光屈光度，可以 早期觀察出患者	觀念 K儀篩查圓錐角膜 白話理解 高K、mires扭曲與不規則散光是keratoconus典型早期線索。 口訣 陡、亂、
s114-optometry-exam111-u06-opt-q0350	single	角膜曲率測量：K 值與角膜地圖、驗光生普考｜隱形眼鏡學概要	有一受測者自覺式驗光結果為-1.00DS/-1.00DC×180，其角膜弧度儀檢查結果為44.50D@180/46.00	觀念 殘餘散光 白話理解 角膜K差1.5D，角膜散光約−1.5×180；全眼−1×180，內部需+0.5×180抵消一部
s114-optometry-exam111-u06-opt-q0351	single	角膜曲率測量：K 值與角膜地圖、驗光生普考｜隱形眼鏡學概要	有關角膜弧度測量（keratometry），下列敘述何者錯誤？	觀念 角膜曲率量測 白話理解 角膜曲率用mm或D表示；Placido依反射環計算；K儀可量曲率、角膜散光與軸。 口訣 常
s114-optometry-exam111-u06-opt-q0353	single	角膜曲率測量：K 值與角膜地圖、驗光生普考｜驗光學概要	使用角膜弧度儀所測得的數據為42.50＠165/44.00＠075，下列敘述何者錯誤？	觀念 斜散光與不規則散光 白話理解 K差1.5D；可簡記平K/陡K@陡軸；mires亦可順便評估淚膜品質。 口訣 軸斜但
s114-optometry-exam111-u06-opt-q0355	single	角膜曲率測量：K 值與角膜地圖、驗光生普考｜驗光學概要	角膜地圖儀（corneal topography）在臨床上可用於下列何者？	觀念 角膜地圖臨床用途 白話理解 topography描繪角膜表面，適合評估pterygium引起的角膜扭曲；不看白內障
s114-optometry-exam112-u06-opt-q0363	single	角膜曲率測量：K 值與角膜地圖、驗光師高考｜視光學	當水平聚焦線（horizontal focal line）比垂直聚焦線（vertical focal line）靠近眼球	觀念 焦線與角膜主經線 白話理解 水平焦線較前表示垂直主經線屈光力較強，角膜垂直較陡，屬WTR；因此水平主經線較平。 口
s114-optometry-exam112-u06-opt-q0387	single	角膜曲率測量：K 值與角膜地圖、驗光生普考｜隱形眼鏡學概要	在使用角膜地形圖儀（keratoscopy 或placido disc）時，當觀察或測量之環狀線間距離愈靠近則代表角膜的	觀念 Placido環判讀 白話理解 較陡曲面反射的環影間距縮小；較平區環距較寬。 口訣 環靠近＝角膜陡。 選項 A：A
s114-optometry-exam112-u06-opt-q0396	single	角膜曲率測量：K 值與角膜地圖、驗光生普考｜驗光學概要	關於角膜弧度儀測量之敘述，下列何者錯誤？	觀念 K儀假設折射率 白話理解 它量前表面反射，再用假設角膜折射率1.3375估算總角膜力；可提供半徑並協助判斷屈光性因
s114-optometry-exam112-u06-opt-q0398	single	角膜曲率測量：K 值與角膜地圖、驗光生普考｜驗光學概要	以角膜弧度儀測量檢查發現角膜弧度H：7.95@180；V：7.85@090，此患者的角膜散光屬於下列何者？	觀念 半徑判WTR 白話理解 90°半徑7.85小於180°7.95，垂直較陡，屬WTR。 口訣 90半徑小＝垂直陡＝順
s114-optometry-exam113-u06-opt-q0409	single	角膜曲率測量：K 值與角膜地圖、驗光師高考｜視光學	若使用角膜弧度儀測量到受測者之角膜弧度為45.00@180/43.00@090，若以爪哇定律（Javal's Rule）	觀念 Javal rule ATR 白話理解 角膜水平180°較陡2D，為ATR角膜散光；Javal rule放大約1.
s114-optometry-exam113-u06-opt-q0416	single	角膜曲率測量：K 值與角膜地圖、驗光生普考｜隱形眼鏡學概要	根據Bennett & Henry 教科書，傳統角膜弧度儀（keratometer）可用來測量角膜中央直徑約：	觀念 K儀量測直徑 白話理解 傳統keratometer常規反射量測區約中央3mm。 口訣 中央約3mm。 選項 A：A
s114-optometry-exam113-u06-opt-q0418	single	角膜曲率測量：K 值與角膜地圖、驗光生普考｜驗光學概要	若有一份角膜弧度儀之檢查處方，紀錄為OD：42.50D@180/43.50D@90, MCAROS：41.75D@180	觀念 MCAR縮寫 白話理解 兩眼垂直K較陡，為WTR；K差分別1D、2D，負柱軸180；K儀也可觀察淚膜。 口訣 MC
s114-optometry-exam113-u06-opt-q0419	single	角膜曲率測量：K 值與角膜地圖、驗光生普考｜驗光學概要	以角膜弧度儀測量眼睛，OD：7.80 mm@180 / 7.60 mm@090，則角膜散光屬於何種類型？	觀念 半徑判順散 白話理解 90°半徑7.60小於180°7.80，垂直較陡，屬WTR。 口訣 90半徑小＝順散。 選項
s114-optometry-course114-u06-opt-teacher-06-01	single	角膜曲率測量：K 值與角膜地圖、老師課堂題目	某人眼鏡處方 −5.50 DS/−2.00 DC×90，角膜 K 值 7.50@180、7.85@90。眼球散光度數大多	觀念 角膜散光與全眼散光 白話理解 7.50 mm 約 45.00 D，7.85 mm 約 43.00 D，角膜兩主子午
s114-optometry-course114-u06-opt-teacher-06-02	single	角膜曲率測量：K 值與角膜地圖、老師課堂題目	角膜弧度為 45.00@180／43.00@90，依 Javal’s rule 預測其總屈光散光為何？	觀念 Javal’s rule 白話理解 水平子午線 45 D、垂直 43 D，角膜為 2 D 逆規散光，以負柱鏡表示為
s114-optometry-course114-u06-opt-teacher-06-03	single	角膜曲率測量：K 值與角膜地圖、老師課堂題目	角膜弧度儀測得 H：7.95@180、V：7.85@90，此患者角膜散光屬於何者？	觀念 由角膜半徑判定散光型態 白話理解 垂直子午線半徑 7.85 mm 小於水平的 7.95 mm，代表垂直較陡、屈光力
s114-optometry-course114-u06-opt-teacher-06-04	single	角膜曲率測量：K 值與角膜地圖、老師課堂題目	角膜地圖儀（corneal topography）在臨床上可用於下列何者？	觀念 角膜地形圖用途 白話理解 角膜地形圖呈現角膜前表面曲率與形狀，可追蹤翼狀贅片牽拉造成的局部扁平與不規則散光。白內障
s114-optometry-course114-u06-opt-teacher-06-05	single	角膜曲率測量：K 值與角膜地圖、老師課堂題目	有關角膜弧度儀（keratometry）的敘述，下列何者正確？	觀念 角膜弧度儀原理與限制 白話理解 角膜弧度儀利用角膜前表面的鏡面反射，不是折射；只測中央一小區域，不能代表全角膜；它
s114-optometry-course114-u06-opt-teacher-06-06	single	角膜曲率測量：K 值與角膜地圖、老師課堂題目	當水平聚焦線比垂直聚焦線更靠近眼球前端時，這是何種散光，而平坦 K 值位於哪一子午線？	觀念 Sturm 光錐與主子午線 白話理解 水平焦線由垂直子午線的屈光力形成；它更靠前表示垂直子午線較強、較陡，故為順規
s114-optometry-course114-u06-opt-teacher-06-07	single	角膜曲率測量：K 值與角膜地圖、老師課堂題目	角膜弧度儀測得 42.50@180／43.50@90；下列敘述何者錯誤？	觀念 K 值與負柱鏡表示 白話理解 90° 子午線 43.50 D 比 180° 的 42.50 D 更陡，屬垂直較陡的
s114-optometry-exam114-u06-opt-q0431	single	角膜曲率測量：K 值與角膜地圖、驗光師高考｜視光學	使用角膜弧度儀測量角膜弧度後得到下列資訊：42.50@180/43.50@090, MCAR，請問關於此資訊的敘述何 者	觀念 K紀錄判讀 白話理解 90° K43.5較陡，垂直較陡為WTR；角膜散光−1×180，MCAR表示清楚規則。 口訣
s114-optometry-exam114-u06-opt-q0437	single	角膜曲率測量：K 值與角膜地圖、驗光師高考｜視覺光學	角膜地形圖（corneal topography）測量技術之起源，是來自於下列那一項測量工具的使用原理？	觀念 topography歷史原理 白話理解 角膜地形圖利用同心環投影在角膜前表面的反射形變重建曲率分布。 口訣 角膜地
s114-optometry-exam106-u07-opt-q0001	single	瞳孔反應：光反射、RAPD 與 Horner syndrome、驗光師特考｜眼球解剖生理學與倫理法規	眼睛經光線照射會造成瞳孔收縮的生理反應，稱之為瞳孔對光反射（pupillary light reflex）。此反射機制 	觀念 瞳孔對光反射路徑 白話理解 視網膜訊號經視神經、視交叉與視束到中腦頂蓋前區，再雙側連到 Edinger–Westp
s114-optometry-exam106-u07-opt-q0007	single	瞳孔反應：光反射、RAPD 與 Horner syndrome、驗光師特考｜視光學	當眼球看近物時，會出現下列那些反應？①眼球內聚（convergence） ②眼球外展（divergence） ③瞳 孔縮	觀念 近反應三聯徵 白話理解 注視近物時，雙眼向內轉以對準目標，水晶體增加屈光力，同時縮瞳增加景深，三者合稱 near 
s114-optometry-exam106-u07-opt-q0022	single	瞳孔反應：光反射、RAPD 與 Horner syndrome、驗光師高考｜眼球解剖生理學與倫理法規	下列關於瞳孔光反射途徑的敘述，何者錯誤？	觀念 瞳孔光反射的傳入與副交感傳出 白話理解 光反射傳入到中腦頂蓋前區，再至 Edinger–Westphal 副交感核
s114-optometry-exam106-u07-opt-q0042	single	瞳孔反應：光反射、RAPD 與 Horner syndrome、驗光生特考｜眼球構造與倫理法規概要	從亮室進入暗室時，瞳孔會產生變化為何？	觀念 明暗適應時的自主神經瞳孔反應 白話理解 進入暗處時需讓更多光線進眼，交感神經活化虹膜放射狀的瞳孔擴大肌，使瞳孔散大
s114-optometry-exam106-u07-opt-q0057	single	瞳孔反應：光反射、RAPD 與 Horner syndrome、驗光生普考｜眼球構造與倫理法規概要	下列何者不是造成瞳孔縮小的原因？	觀念 縮瞳與散瞳的常見原因 白話理解 恐懼與疼痛會提高交感神經活性，使瞳孔擴大。縮瞳劑、近反射，以及部分中樞神經病變則可
s114-optometry-exam107-u07-opt-q0094	single	瞳孔反應：光反射、RAPD 與 Horner syndrome、驗光師高考｜眼球解剖生理學與倫理法規	關於瞳孔直接光反射（direct pupillary light reflex）反應之路徑說明，下列何者正確？①傳入路徑	觀念 直接瞳孔光反射路徑 白話理解 直接光反射不需經視放射或視覺皮質；訊號由視束分支到頂蓋前核，再連到雙側 Edinge
s114-optometry-exam107-u07-opt-q0095	single	瞳孔反應：光反射、RAPD 與 Horner syndrome、驗光師高考｜眼球解剖生理學與倫理法規	有關控制瞳孔大小的神經與肌肉，下列敘述何者錯誤？	觀念 控制瞳孔的肌肉與腦神經 白話理解 第二對視神經負責對光反射的傳入；縮瞳傳出由 Edinger–Westphal 核
s114-optometry-exam107-u07-opt-q0097	single	瞳孔反應：光反射、RAPD 與 Horner syndrome、驗光師高考｜視光學	進行瞳孔檢查時，發現患者兩側瞳孔大小不等，下列何者為患者下一步的檢測項目？	觀念 不等瞳的明暗環境判讀 白話理解 發現瞳孔不等大後，先比較明亮與昏暗環境下 anisocoria 哪一種更明顯，以判
s114-optometry-exam107-u07-opt-q0107	single	瞳孔反應：光反射、RAPD 與 Horner syndrome、驗光生特考｜眼球構造與倫理法規概要	會讓瞳孔縮小的肌肉是經由下列那一條神經所支配？	觀念 縮瞳肌的神經支配 白話理解 Edinger–Westphal 核的節前副交感纖維隨第三對動眼神經，到睫狀神經節換節
s114-optometry-exam107-u07-opt-q0113	single	瞳孔反應：光反射、RAPD 與 Horner syndrome、驗光生特考｜驗光學概要	筆燈光源照射右眼，下列瞳孔反應何者為正常？	觀念 直接與共感瞳孔光反射 白話理解 右眼受光會產生右眼直接光反射，也因頂蓋前核向雙側 EW 核投射而引起左眼間接／共感
s114-optometry-exam107-u07-opt-q0127	single	瞳孔反應：光反射、RAPD 與 Horner syndrome、驗光生普考｜眼球構造與倫理法規概要	瞳孔大小調節，對光線的反應，與下列那個神經系統無關？	觀念 瞳孔反射涉及的神經系統 白話理解 CN II 負責光反射傳入，CN III 搭載副交感縮瞳傳出，自律神經控制括約肌
s114-optometry-exam108-u07-opt-q0146	single	瞳孔反應：光反射、RAPD 與 Horner syndrome、驗光師特考｜眼球解剖生理學與倫理法規	關於虹膜擴張肌與括約肌的敘述，下列何者正確？	觀念 虹膜肌排列與功能 白話理解 括約肌呈環狀，受副交感支配，收縮使瞳孔縮小；擴張肌呈放射狀，受交感支配。 口訣 環狀括
s114-optometry-exam108-u07-opt-q0148	single	瞳孔反應：光反射、RAPD 與 Horner syndrome、驗光師特考｜視光學	瞳孔光反射神經傳導途徑（neural reflex pathway）不涉及下列那一構造？	觀念 瞳孔光反射弧 白話理解 光反射弧由視網膜／視神經傳入中腦頂蓋前區，再經副交感路徑至虹膜括約肌；在皮質前已完成。 口
s114-optometry-exam108-u07-opt-q0196	single	瞳孔反應：光反射、RAPD 與 Horner syndrome、驗光生普考｜眼球構造與倫理法規概要	有關瞳孔的敘述，下列何者錯誤？	觀念 視力與瞳孔大小 白話理解 瞳孔大小由自主神經與光反射路徑控制；單眼視力差若非嚴重傳入缺損，靜態瞳孔大小可能正常。 
s114-optometry-exam108-u07-opt-q0197	single	瞳孔反應：光反射、RAPD 與 Horner syndrome、驗光生普考｜眼球構造與倫理法規概要	有關眼睛照光時瞳孔發生光反射之神經傳導路徑順序，下列何者正確？①視網膜神經節細胞（ganglion cell）之神經纖維	觀念 完整光反射路徑 白話理解 視網膜神經節纖維到中腦頂蓋前核，不經外側膝狀體；再聯絡EW核，節前副交感到睫狀節，節後短
s114-optometry-exam108-u07-opt-q0209	single	瞳孔反應：光反射、RAPD 與 Horner syndrome、驗光生普考｜驗光學概要	眼初步檢查中的瞳孔檢查，確認兩眼對於光刺激反應是否相等的方法為下列何者？	觀念 RAPD檢查 白話理解 swinging flashlight test在兩眼間交替照光，比較兩眼傳入光反射是否對
s114-optometry-exam109-u07-opt-q0218	single	瞳孔反應：光反射、RAPD 與 Horner syndrome、驗光師特考｜眼球解剖生理學與倫理法規	下列那兩條腦神經與瞳孔對光反射（pupillary light reflex）有關？	觀念 光反射腦神經 白話理解 CN II負責傳入光刺激，CN III搭載副交感傳出使瞳孔括約肌收縮。 口訣 二進三出。 
s114-optometry-exam109-u07-opt-q0231	single	瞳孔反應：光反射、RAPD 與 Horner syndrome、驗光師高考｜眼球解剖生理學與倫理法規	下列何種眼生理反射反應輸出，其傳導路徑需通過Edinger-Westphal 核作用？①直接瞳孔光反射（direct p	觀念 EW核功能 白話理解 兩種縮瞳反應的副交感傳出皆由Edinger–Westphal核經CN III到睫狀神經節；眨
s114-optometry-exam109-u07-opt-q0232	single	瞳孔反應：光反射、RAPD 與 Horner syndrome、驗光師高考｜視光學	有關瞳孔檢查，下列敘述何者錯誤？	觀念 瞳孔檢查流程 白話理解 不等瞳先做明暗比較；direct觀察受照眼縮瞳；swinging flashlight查R
s114-optometry-exam110-u07-opt-q0289	single	瞳孔反應：光反射、RAPD 與 Horner syndrome、驗光師高考｜低視力學	有關瞳孔的反應，下列何者錯誤？	觀念 皮質與瞳孔反射 白話理解 反射在中腦頂蓋前區與EW核完成。近反應縮瞳；嚴重白內障若仍可傳光，光反射可保存；照正常眼
s114-optometry-exam111-u07-opt-q0324	single	瞳孔反應：光反射、RAPD 與 Horner syndrome、驗光師高考｜眼球解剖生理學與倫理法規	有關瞳孔直接光反射的反應路徑順序，下列何者正確？①視徑（optic tract） ②動眼神經的副交感神經核 （Eding	觀念 光反射順序 白話理解 光反射傳入由視束分支到pretectal，再雙側投射EW；節前隨CNIII到睫狀節，節後至括
s114-optometry-exam111-u07-opt-q0327	single	瞳孔反應：光反射、RAPD 與 Horner syndrome、驗光師高考｜視光學	相對性瞳孔傳入障礙（relative afferent pupillary defect, RAPD）應該是在瞳孔光反射	觀念 RAPD檢查 白話理解 交替照兩眼比較傳入訊號強弱；照到患眼時雙眼相對散大即RAPD。 口訣 RAPD就搖手電筒。
s114-optometry-exam112-u07-opt-q0365	single	瞳孔反應：光反射、RAPD 與 Horner syndrome、驗光師高考｜視光學	有關瞳孔對光線的神經傳導性檢查，下列何者最不適當？	觀念 瞳孔光反射檢查條件 白話理解 近目標會誘發近反應縮瞳。應記錄大小形狀位置與收縮速度；交替照光可查APD。 口訣 查
s114-optometry-exam112-u07-opt-q0382	single	瞳孔反應：光反射、RAPD 與 Horner syndrome、驗光生普考｜眼球構造與倫理法規概要	瞳孔光反射所需要的視覺路徑，不包括下列何者？	觀念 光反射傳入路徑 白話理解 光反射傳入經視網膜、視神經、視交叉、視束到pretectal，於LGN前分支。 口訣 到
s114-optometry-exam113-u07-opt-q0405	single	瞳孔反應：光反射、RAPD 與 Horner syndrome、驗光師高考｜眼球解剖生理學與倫理法規	下列那一項藥物無法使瞳孔散大（mydriasis）？	觀念 瞳孔藥理 白話理解 毛果芸香鹼為muscarinic agonist，使括約肌與睫狀肌收縮；tropicamide
s114-optometry-course114-u07-opt-teacher-07-01	single	瞳孔反應：光反射、RAPD 與 Horner syndrome、老師課堂題目	下列何種眼生理反應與通過頸上神經節之自律神經作用有關？	觀念 眼部自律神經支配 白話理解 眼部交感節後纖維由頸上神經節出發，支配虹膜擴張肌造成散瞳。括約肌與睫狀肌主要受副交感支
s114-optometry-course114-u07-opt-teacher-07-02	single	瞳孔反應：光反射、RAPD 與 Horner syndrome、老師課堂題目	關於瞳孔直接光反射的傳入路徑：①經視神經 ②經視覺皮質 ③經 Edinger–Westphal 核 ④經頂蓋前核。何者正	觀念 瞳孔光反射傳入與傳出 白話理解 光反射傳入由視網膜經視神經、視交叉、視束到中腦頂蓋前核；不必經視覺皮質。Eding
s114-optometry-course114-u07-opt-teacher-07-03	single	瞳孔反應：光反射、RAPD 與 Horner syndrome、老師課堂題目	有關副交感神經的主要作用，下列何者錯誤？	觀念 副交感生理作用 白話理解 副交感使睫狀肌收縮以調節近距離，並促進腺體分泌；眼內則使瞳孔括約肌收縮而縮瞳。散瞳主要由
s114-optometry-course114-u07-opt-teacher-07-04	single	瞳孔反應：光反射、RAPD 與 Horner syndrome、老師課堂題目	有關虹膜生理特點的敘述，下列何者錯誤？	觀念 虹膜肌肉與瞳孔大小 白話理解 虹膜括約肌環繞瞳孔，收縮時孔徑變小；放大瞳孔的是受交感支配的虹膜擴張肌。其餘敘述符合
s114-optometry-course114-u07-opt-teacher-07-05	single	瞳孔反應：光反射、RAPD 與 Horner syndrome、老師課堂題目	眼睛經光線照射會造成瞳孔收縮，此瞳孔對光反射的中樞位於何處？	觀念 瞳孔光反射中樞 白話理解 頂蓋前核與 Edinger–Westphal 核都位於中腦，負責整合光反射並發出副交感訊
s114-optometry-course114-u07-opt-teacher-07-06	single	瞳孔反應：光反射、RAPD 與 Horner syndrome、老師課堂題目	當光線照入左眼時，右眼瞳孔收縮。此反應為何？	觀念 直接與間接光反射 白話理解 照光眼本身縮瞳稱直接反應；對側未受光眼同步縮瞳稱間接或共感反應，源自頂蓋前核對雙側 E
s114-optometry-course114-u07-opt-teacher-07-07	single	瞳孔反應：光反射、RAPD 與 Horner syndrome、老師課堂題目	瞳孔近距離反應測試主要測量哪三種反應？	觀念 近反應三聯徵 白話理解 由遠轉看近時，晶狀體增加屈光力、雙眼內聚對準目標，並縮瞳增加景深，合稱 near tria
s114-optometry-course114-u07-opt-teacher-07-08	single	瞳孔反應：光反射、RAPD 與 Horner syndrome、老師課堂題目	有關調節反射（accommodation reflex）的敘述，下列何者錯誤？	觀念 調節反射路徑 白話理解 看近時增加屈光力主要靠副交感使睫狀肌收縮、晶狀體變凸，並使瞳孔括約肌收縮。交感使睫狀肌較放
s114-optometry-course114-u07-opt-teacher-07-09	single	瞳孔反應：光反射、RAPD 與 Horner syndrome、老師課堂題目	相對性瞳孔傳入障礙（RAPD）應在瞳孔光反射檢查的哪個步驟被發現？	觀念 RAPD 檢查 白話理解 在兩眼間交替移動光源，可比較兩眼傳入訊號。移到患眼時雙眼相對散大或縮瞳減弱，即提示 RA
s114-optometry-exam114-u07-opt-q0428	single	瞳孔反應：光反射、RAPD 與 Horner syndrome、驗光師高考｜眼球解剖生理學與倫理法規	交感神經纖維（the sympathetic nerve fibers）經由那一條神經到達睫狀體及瞳孔擴大肌？	觀念 眼交感末梢路徑 白話理解 節後交感沿頸內動脈叢進入眼眶，部分隨V1鼻睫神經及長睫神經至瞳孔擴大肌與睫狀體。 口訣 
s114-optometry-exam114-u07-opt-q0439	single	瞳孔反應：光反射、RAPD 與 Horner syndrome、驗光生普考｜眼球構造與倫理法規概要	下列何者參與瞳孔光反射（pupillary light reflex）之訊息傳遞？①外側膝狀體 ②四疊體區（pretec	觀念 光反射中樞 白話理解 光反射不需LGN或視覺皮質；視束分支至頂蓋前區，再連EW核。 口訣 pretectal＋EW
s114-optometry-exam106-u08-opt-q0077	single	立體視覺：深度線索、視差與檢測、驗光生普考｜驗光學概要	下列患者中，何者較可能有立體視覺？	觀念 立體視所需的雙眼條件 白話理解 立體視需要兩眼同時使用並具有相當好的對位。小角度、間歇性外斜視在正位期仍可融合，因
s114-optometry-exam107-u08-opt-q0120	single	立體視覺：深度線索、視差與檢測、驗光生特考｜驗光學概要	下列何者最少造成立體視覺檢查結果異常？	觀念 影響立體視的因素 白話理解 立體視仰賴雙眼清晰視力、對位與融合。未矯正屈光不正、斜視、弱視都可明顯破壞雙眼視差；單
s114-optometry-exam109-u08-opt-q0278	single	立體視覺：深度線索、視差與檢測、驗光生普考｜驗光學概要	下列何者的視覺問題較不會造成立體視（stereopsis）異常？	觀念 立體視影響因素 白話理解 斜視、未矯正屈光異常與弱視會破壞雙眼清晰、對位與融合；一般色覺異常較少影響雙眼視差。 口
s114-optometry-exam110-u08-opt-q0290	single	立體視覺：深度線索、視差與檢測、驗光師高考｜視光學	關於操作亂點E 卡（random dot E cards），下列何者最不適當？	觀念 Random dot E操作 白話理解 Random dot E需偏光眼鏡、良好照明與正確測距；未矯正近視或老花會
s114-optometry-exam111-u08-opt-q0332	single	立體視覺：深度線索、視差與檢測、驗光師高考｜視光學	立體視檢測方法，常因有單眼線索或患者斜角觀看，而導致不準確的檢測結果，下列何者檢測不會有此影響？	觀念 global random-dot stereo 白話理解 random-dot global stereogra
s114-optometry-exam111-u08-opt-q0333	single	立體視覺：深度線索、視差與檢測、驗光師高考｜視光學	下列那些立體視覺測試不需要配戴偏光眼鏡（polarized glasses），以分隔兩眼所看到的影像？①提瑪斯立體 測試	觀念 立體測試分離方式 白話理解 Lang利用柱狀光柵自體分離，Frisby利用實體板厚真深度；Titmus與Rando
s114-optometry-exam112-u08-opt-q0366	single	立體視覺：深度線索、視差與檢測、驗光師高考｜視光學	有關立體視覺檢查，下列何者不適當？	觀念 Titmus單眼線索 白話理解 許多測試需偏光或紅綠分離；Lang不需輔助鏡；也有遠距立體視測試。Titmus尤其
s114-optometry-exam112-u08-opt-q0390	single	立體視覺：深度線索、視差與檢測、驗光生普考｜驗光學概要	下列那些立體視覺檢查，患者不需配戴額外輔助眼鏡（偏光鏡或紅綠眼鏡），較適合年齡較小的孩童及無 法配戴眼鏡的患者？①Ber	觀念 幼兒裸眼立體視測試 白話理解 Frisby使用實體板厚真深度，Lang用柱狀光柵自體分像；Random Dot E
s114-optometry-exam112-u08-opt-q0391	single	立體視覺：深度線索、視差與檢測、驗光生普考｜驗光學概要	關於立體視覺測驗，下列敘述何者正確？	觀念 立體視測驗品質 白話理解 global random-dot圖形只有雙眼視差整合後才浮現。TNO需紅綠鏡；立體視通
s114-optometry-exam113-u08-opt-q0417	single	立體視覺：深度線索、視差與檢測、驗光生普考｜驗光學概要	關於各種立體視測驗的比較，下列何者錯誤？	觀念 幼兒立體視工具選擇 白話理解 TNO幾乎無單眼線索；Frisby有真深度；Lang適合篩查有無立體視但量化有限。抗
s114-optometry-course114-u08-opt-teacher-08-01	single	立體視覺：深度線索、視差與檢測、老師課堂題目	下列何者為正常立體視範圍？	觀念 立體視閾值 白話理解 正常成人在良好矯正與測試條件下，立體視閾值可低至約 10 秒角；數值越小代表能辨認越細微的視
s114-optometry-course114-u08-opt-teacher-08-02	single	立體視覺：深度線索、視差與檢測、老師課堂題目	下列何者描述在有數分角（minutes of arc）誤差的情況下，仍舊能夠維持融像？	觀念 Fixation disparity 白話理解 注視差距是雙眼視線存在極小偏差、影像落在 Panum 融合區內，患
s114-optometry-course114-u08-opt-teacher-08-03	single	立體視覺：深度線索、視差與檢測、老師課堂題目	檢測幼童立體視時，若幼童不能容忍配戴測試眼鏡，可用哪一組工具？	觀念 兒童立體視工具 白話理解 Frisby 以透明板的真實深度產生視差；Lang 以柱狀光柵與隨機點設計把不同影像送入
s114-optometry-course114-u08-opt-teacher-08-04	single	立體視覺：深度線索、視差與檢測、老師課堂題目	立體視檢測常因單眼線索或患者斜著看而導致結果不準確。下列何種檢測最不受此影響？	觀念 立體視測試的單眼線索 白話理解 TNO 的目標埋在隨機點圖中，單眼看不到有意義的輪廓，必須靠雙眼視差辨認。Titm
s114-optometry-course114-u08-opt-teacher-08-05	single	立體視覺：深度線索、視差與檢測、老師課堂題目	關於操作亂點 E 卡（random dot E cards），下列何者最不適當？	觀念 Random Dot E 測試條件 白話理解 清晰的雙眼影像是立體視測試前提，未矯正屈光不正會降低結果。Rando
s114-optometry-exam114-u08-opt-q0429	single	立體視覺：深度線索、視差與檢測、驗光師高考｜視光學	下列有關立體視測試之敘述，何者錯誤？	觀念 立體視秒角判讀 白話理解 模糊與aniseikonia可降低立體視；≤60秒角常視為正常，許多成人達40秒角；頭傾
s114-optometry-exam106-u09-opt-q0005	single	近點調節 NPA 與近點聚合 NPC、驗光師特考｜視光學	某一眼球，其屈光度數為-2.00 DS，其調節量（amplitude of accommodation）為3.00 D，	觀念 近視眼遠點、近點與調節幅度 白話理解 −2.00 D 近視眼的遠點為 1/2＝0.50 m。使用 3.00 D 調
s114-optometry-exam106-u09-opt-q0009	single	近點調節 NPA 與近點聚合 NPC、驗光師特考｜視光學	某一老花患者，其遠用眼鏡度數為+3.00 DS，其調節量（amplitude of accommodation）為2.0	觀念 閱讀距離與近用加入度 白話理解 33.3 cm 需 3.00 D。為保留一半調節，只使用 1.00 D，故 ADD
s114-optometry-exam106-u09-opt-q0014	single	近點調節 NPA 與近點聚合 NPC、驗光師特考｜視覺光學	受檢者50 歲，根據Hofstetter 最小調節幅度公式，其正常調節幅度應該至少為何？	觀念 Hofstetter 最小調節幅度公式 白話理解 Hofstetter 最小調節幅度公式為 15−0.25×年齡；
s114-optometry-exam106-u09-opt-q0015	single	近點調節 NPA 與近點聚合 NPC、驗光師特考｜視覺光學	注視遠點與近點時產生的屈光力（power of accommodation）之差稱為：	觀念 調節幅度的定義 白話理解 眼睛由完全放鬆注視遠點，到最大調節注視近點，兩狀態之間增加的屈光力差稱為調節幅度。 口訣
s114-optometry-exam106-u09-opt-q0016	single	近點調節 NPA 與近點聚合 NPC、驗光師特考｜視覺光學	一位顧客，遠點距離為50 cm，習慣閱讀距離為33 cm，已知近點距離為8.33 cm，其所需要的近距離加入 度（nea	觀念 由遠近點判斷近用加入度 白話理解 遠點 50 cm 為 2 D，近點 8.33 cm 約為 12 D，因此 AA＝
s114-optometry-exam106-u09-opt-q0017	single	近點調節 NPA 與近點聚合 NPC、驗光師特考｜視覺光學	一個沒有調節收縮的近視眼睛，其遠點（far point）的描述何者正確？	觀念 遠點的光學定義 白話理解 遠點是眼睛完全不調節時，能清晰成像在黃斑中央凹的物點；未矯正近視眼的遠點位於眼前。 口訣
s114-optometry-exam106-u09-opt-q0023	single	近點調節 NPA 與近點聚合 NPC、驗光師高考｜眼球解剖生理學與倫理法規	關於聚合運動（convergence），下列敘述何者錯誤？	觀念 聚合運動與注視距離 白話理解 聚合由雙眼內直肌等眼外肌協調完成，使兩眼視軸對準近物，影像落在對應視網膜點；注視距離
s114-optometry-exam106-u09-opt-q0031	single	近點調節 NPA 與近點聚合 NPC、驗光師高考｜視光學	受檢者的遠點在眼球後方100 公分處，看眼前近距離25 公分處的視標，需要多少調節力？	觀念 未矯正遠視眼的近距離調節需求 白話理解 遠點在眼後 1 m，代表 +1.00 D 遠視；即使看無限遠也要先用 1.
s114-optometry-exam106-u09-opt-q0032	single	近點調節 NPA 與近點聚合 NPC、驗光師高考｜視光學	在進行近點內聚（near point of convergence, NPC）測驗時，視標在離受測者前方15 公分的距離	觀念 NPC 破裂點與內聚不足 白話理解 NPC 測驗把視標逐漸移近；正常人應能維持單一視到相當近的距離。15 cm 就
s114-optometry-exam106-u09-opt-q0033	single	近點調節 NPA 與近點聚合 NPC、驗光師高考｜視覺光學	關於近反射（near reflex），下列何者錯誤？	觀念 近反射與調節時的晶狀體變化 白話理解 近反射包含內聚、縮瞳與調節。調節時睫狀肌收縮，使睫狀環直徑變小、懸韌帶張力下
s114-optometry-exam106-u09-opt-q0034	single	近點調節 NPA 與近點聚合 NPC、驗光師高考｜視覺光學	遠點位在眼後50 公分的眼睛之屈光異常度數為：	觀念 由遠點位置判斷遠視度數 白話理解 遠點位於眼後，表示是虛遠點與遠視；距離 50 cm 的倒數為 2.00 D，所以
s114-optometry-exam106-u09-opt-q0040	single	近點調節 NPA 與近點聚合 NPC、驗光師高考｜視覺光學	依據Hofstetter 調節幅度的方程式，正視眼的調節幅度為（18.5 D – 1/3 年齡）。下列何者的調節力最弱？	觀念 屈光狀態對有效調節需求的影響 白話理解 Hofstetter 公式主要由年齡估計總調節幅度；但遠視眼在看遠時已需動
s114-optometry-exam106-u09-opt-q0041	single	近點調節 NPA 與近點聚合 NPC、驗光師高考｜視覺光學	一位患者的遠點是在5 公尺，近點是在25 公分，則他的調節幅度爲多少？	觀念 由遠點與近點計算調節幅度 白話理解 遠點 5 m 對應 0.20 D，近點 25 cm 對應 4.00 D；調節幅
s114-optometry-exam106-u09-opt-q0043	single	近點調節 NPA 與近點聚合 NPC、驗光生特考｜眼鏡光學概要	一近視-5.00D 的人眼，其遠點在眼前何處？	觀念 近視度數與遠點距離 白話理解 近視 −5.00 D 的遠點距離為屈光度絕對值的倒數：1÷5＝0.20 m，也就是眼
s114-optometry-exam106-u09-opt-q0054	single	近點調節 NPA 與近點聚合 NPC、驗光生特考｜驗光學概要	一位遠視者透過適當鏡片矯正後，其遠點（far point）會落在何處？	觀念 屈光矯正後的遠點 白話理解 適當正鏡把遠視眼在眼後的虛遠點光學移到無限遠，使眼睛在調節放鬆時能清楚看遠，等同矯正成
s114-optometry-exam106-u09-opt-q0058	single	近點調節 NPA 與近點聚合 NPC、驗光生普考｜眼鏡光學概要	近視眼的遠點，就是能夠在視網膜上聚焦成像的最遠物點，則-4.00 D 的遠點在：	觀念 近視遠點換算 白話理解 −4.00 D 近視眼的遠點距離是 1÷4＝0.25 m；近視的遠點為眼前實物點。 口訣 
s114-optometry-exam106-u09-opt-q0062	single	近點調節 NPA 與近點聚合 NPC、驗光生普考｜驗光學概要	有關遠視眼的遠點與近點之敘述，何者正確？	觀念 遠視眼的遠點、近點與調節 白話理解 未矯正遠視眼的遠點是眼後虛點。若完全沒有調節能力，眼睛無法把任何眼前近物清晰聚
s114-optometry-exam106-u09-opt-q0064	single	近點調節 NPA 與近點聚合 NPC、驗光生普考｜驗光學概要	當遠點位於眼球後方19 公分處，矯正此屈光不正的度數較接近下列何者？	觀念 虛遠點換算遠視度數 白話理解 遠點在眼後 19 cm，表示遠視；度數為 +1÷0.19＝+5.26 D，最接近 +
s114-optometry-exam106-u09-opt-q0065	single	近點調節 NPA 與近點聚合 NPC、驗光生普考｜驗光學概要	有關近視眼的遠點與近點之敘述，何者正確？	觀念 近視眼遠點與近點的位置 白話理解 未矯正近視眼在完全放鬆時已有眼前有限遠點；啟動調節後可清楚注視更近的物體，因此近
s114-optometry-exam106-u09-opt-q0067	single	近點調節 NPA 與近點聚合 NPC、驗光生普考｜驗光學概要	患者在近點聚合評估（near point of convergence, NPC）時所得到的結果是6 公分／8 公分。這	觀念 NPC 的 break/recovery 記錄 白話理解 NPC 通常記錄 break/recovery。視標靠近
s114-optometry-exam106-u09-opt-q0075	single	近點調節 NPA 與近點聚合 NPC、驗光生普考｜驗光學概要	你的患者為模型製作員，工作距離位於33 公分，但患者調節力剩下1.00 D。依據調節近點加入法（調節 幅度的一半原則，t	觀念 半幅調節保留法估算 ADD 白話理解 33 cm 工作需求約 3.00 D。依保留一半調節幅度原則，1.00 D 
s114-optometry-exam106-u09-opt-q0076	single	近點調節 NPA 與近點聚合 NPC、驗光生普考｜驗光學概要	只依據Hofstetter 最小調節幅度公式，在48 歲時其最小調節幅度是多少？	觀念 Hofstetter 最小 AA 白話理解 Hofstetter 最小公式為 15−0.25×年齡。48 歲代入：
s114-optometry-exam107-u09-opt-q0078	single	近點調節 NPA 與近點聚合 NPC、驗光師特考｜視光學	近點聚合（near point of convergence, NPC）檢查紀錄為7 cm/11 cm 代表的意義，下列	觀念 NPC 數值紀錄格式 白話理解 NPC 標準紀錄順序為 break/recovery。視標靠近到 7 cm 時失去
s114-optometry-exam107-u09-opt-q0079	single	近點調節 NPA 與近點聚合 NPC、驗光師特考｜視光學	在進行近點聚合時，受測者對調節性視標、燈筆及燈筆附加紅色濾片之檢測結果不同，此時受測者可能 是下列何種情況？	觀念 不同 NPC 視標與內聚不足 白話理解 調節性視標能同時刺激調節性內聚，燈筆較少細節，而紅濾片又改變融合線索。不同
s114-optometry-exam107-u09-opt-q0081	single	近點調節 NPA 與近點聚合 NPC、驗光師特考｜視光學	受檢者調節幅度為6.00 D，檢查結果近點為50 cm，其遠點為下列何者？	觀念 由 AA 與近點反推遠點 白話理解 近點 50 cm 對應 2.00 D。調節幅度為 6.00 D，依 AA＝近點
s114-optometry-exam107-u09-opt-q0082	single	近點調節 NPA 與近點聚合 NPC、驗光師特考｜視光學	運用負鏡片檢查法（minus lens to blur）測量調節幅度，近用視標距離33 公分，並以每次-0.25 DS 	觀念 負鏡片法測量調節幅度 白話理解 33 cm 視標本身需約 3.00 D，再加 −4.00 D 負鏡，共誘發約 7.
s114-optometry-exam107-u09-opt-q0089	single	近點調節 NPA 與近點聚合 NPC、驗光師特考｜視覺光學	一個眼球其遠點在眼後50 cm，其近點為眼前20 cm，其調節幅度為多少？	觀念 遠視眼由虛遠點與近點計算 AA 白話理解 眼後 50 cm 的遠點代表 +2.00 D 遠視；眼前 20 cm 的
s114-optometry-exam107-u09-opt-q0090	single	近點調節 NPA 與近點聚合 NPC、驗光師特考｜視覺光學	某人屈光度數為 +1.00 D，其調節幅度為4.00 D，此眼球的遠點及近點為下列何者？	觀念 遠視眼的遠點與近點 白話理解 +1.00 D 遠視的無調節遠點在眼後 1 m。4.00 D 調節中先用 1.00 
s114-optometry-exam107-u09-opt-q0091	single	近點調節 NPA 與近點聚合 NPC、驗光師特考｜視覺光學	李先生未矯正近視眼的遠點為眼前50 cm。如果他的調節幅度為 +8.00 D，則他的近點為多少？	觀念 未矯正近視眼的近點 白話理解 遠點眼前 50 cm 表示 −2.00 D 近視。再加 8.00 D 調節，近點總屈
s114-optometry-exam107-u09-opt-q0096	single	近點調節 NPA 與近點聚合 NPC、驗光師高考｜視光學	屈光不正患者戴上 +1.00 DS 的球面眼鏡後，測得其遠點為眼後50 cm，該患者原屈光不正度數為？	觀念 戴鏡後遠點反推原屈光不正 白話理解 戴 +1.00 D 後遠點仍在眼後 50 cm，表示戴鏡後系統仍有 +2.00
s114-optometry-exam107-u09-opt-q0099	single	近點調節 NPA 與近點聚合 NPC、驗光師高考｜視光學	受檢者配戴原處方近視-2.00 D 眼鏡時，測得近點位於眼前10 cm。經重新驗光後，發現其屈光不正僅有 近視-1.00	觀念 過度負矯正對調節幅度測量的影響 白話理解 實際近視僅 −1.00 D，舊鏡 −2.00 D 造成 1.00 D 過
s114-optometry-exam107-u09-opt-q0100	single	近點調節 NPA 與近點聚合 NPC、驗光師高考｜視光學	下列有關調節幅度（amplitude of accommodation）檢查的敘述，何者正確？	觀念 調節幅度檢查方法與影響因素 白話理解 小視標較早因解析度與景深限制而持續模糊，使終點較遠、換算 AA 較小。AA 
s114-optometry-exam107-u09-opt-q0101	single	近點調節 NPA 與近點聚合 NPC、驗光師高考｜視光學	受測者測量得出調節幅度為8 D，習慣長時間使用智慧型手機，手機擺放距離為20 cm，其需要之近用加 入度為多少？（需利用	觀念 半幅調節法估算手機 ADD 白話理解 手機距離 20 cm 需 5.00 D。AA 為 8.00 D，依一半原則只
s114-optometry-exam107-u09-opt-q0105	single	近點調節 NPA 與近點聚合 NPC、驗光師高考｜視覺光學	遠視+2.00 DS 患者，其近點（near point）距離為33 cm。若病人使用最大調節幅度的一半，習慣閱讀距離 	觀念 未矯正遠視的近用加光 白話理解 +2.00 D 遠視眼近點 33 cm，表示最大 AA 約為遠視補償 2 D 加近
s114-optometry-exam107-u09-opt-q0108	single	近點調節 NPA 與近點聚合 NPC、驗光生特考｜眼鏡光學概要	近視使用負透鏡矯正的原理，是將遠點移至何處？	觀念 近視負鏡矯正原理 白話理解 近視眼的裸眼遠點在眼前。適當凹透鏡讓來自無限遠的平行光先發散，看起來像從眼睛原遠點發出
s114-optometry-exam107-u09-opt-q0112	single	近點調節 NPA 與近點聚合 NPC、驗光生特考｜驗光學概要	當遠點位於眼球前方16 cm 處，此屈光不正的矯正度數為何？	觀念 眼前遠點換算近視 白話理解 遠點在眼前 16 cm，表示近視。屈光度為 −1÷0.16＝−6.25 D。 口訣 1
s114-optometry-exam107-u09-opt-q0121	single	近點調節 NPA 與近點聚合 NPC、驗光生特考｜驗光學概要	受檢者為近視-3.00 DS、調節幅度4.00 D，配戴-1.50 DS 的近用眼鏡後，其遠點與近點應在何處？	觀念 部分矯正近視眼的遠近點 白話理解 原近視 −3.00 D 僅戴 −1.50 D，仍殘留 −1.50 D 近視，所以
s114-optometry-exam107-u09-opt-q0122	single	近點調節 NPA 與近點聚合 NPC、驗光生特考｜驗光學概要	根據Hofstetter 最小調節幅度公式判斷，下列何者最可能有調節不足（accommodative insuffici	觀念 用 Hofstetter 最小值判定調節不足 白話理解 Hofstetter 最小 AA＝15−0.25×年齡。2
s114-optometry-exam107-u09-opt-q0123	single	近點調節 NPA 與近點聚合 NPC、驗光生特考｜驗光學概要	受檢者50 歲正視眼，調節幅度為2.50 D。其手機閱讀距離為33 cm，書籍閱讀距離為40 cm。根據二分之 一調節預	觀念 不同閱讀距離的半幅 AA 加光 白話理解 AA 2.50 D，只使用一半即 1.25 D。33 cm 需求約 3.
s114-optometry-exam107-u09-opt-q0124	single	近點調節 NPA 與近點聚合 NPC、驗光生特考｜驗光學概要	依據調節幅度一半原則（tentative add based on half the amplitude in rese	觀念 由 tentative ADD 反推 AA 白話理解 33 cm 需求 3.00 D，給 +2.00 D ADD 
s114-optometry-exam107-u09-opt-q0125	single	近點調節 NPA 與近點聚合 NPC、驗光生特考｜驗光學概要	依據Hofstetter 調節幅度方程式之最低期望值來計算，受檢者的最小調節幅度為2 D，則其年齡為下列何者？	觀念 反解 Hofstetter 最小 AA 年齡 白話理解 最小 AA 公式 2＝15−0.25×年齡；移項得 0.2
s114-optometry-exam107-u09-opt-q0126	single	近點調節 NPA 與近點聚合 NPC、驗光生特考｜驗光學概要	運用下拉法（pull-away method）來測量調節幅度，除了受檢者的最佳遠用矯正度數外，再放置+1.00 DS 的	觀念 pull-away 法的正鏡修正 白話理解 40 cm 視標需要 2.50 D 聚焦，但眼前 +1.00 D 正鏡
s114-optometry-exam107-u09-opt-q0128	single	近點調節 NPA 與近點聚合 NPC、驗光生普考｜眼鏡光學概要	某近視眼患者其遠點為眼前10 cm ，且其調節力為10.00 D，在未配戴矯正鏡片時，患者的近點在眼前何 處？	觀念 高度近視未矯正時的近點 白話理解 遠點 10 cm 代表 −10.00 D 近視。未矯正時再使用 10.00 D 
s114-optometry-exam107-u09-opt-q0129	single	近點調節 NPA 與近點聚合 NPC、驗光生普考｜眼鏡光學概要	在患者眼前置入+4.00 D 的球面透鏡後，其遠點測得為眼前20 cm，則此患者的屈光異常為何？	觀念 戴鏡後遠點反推原屈光度 白話理解 原始整理檔與指定答案皆為 C。現有文字若用一般薄透鏡代數直算會出現不一致，因此本
s114-optometry-exam107-u09-opt-q0130	single	近點調節 NPA 與近點聚合 NPC、驗光生普考｜眼鏡光學概要	患者屈光不正度數為-2.50 D，在其眼前置入+2.50 D 的球面透鏡，此時其遠點在何處？	觀念 球面鏡片與遠點位置 白話理解 原始整理檔與指定答案皆為 C。依一般薄透鏡貼眼近似會得到不同結果，顯示原題可能採用不
s114-optometry-exam107-u09-opt-q0138	single	近點調節 NPA 與近點聚合 NPC、驗光生普考｜驗光學概要	進行近點聚合（near point of convergence, NPC）時，視標慢慢往受測者的方向前進。視標在離受測	觀念 NPC 異常 白話理解 NPC 16/20 cm 明顯後退，表示靠近到仍很遠時就破裂，且回復也偏遠，是 conve
s114-optometry-exam107-u09-opt-q0141	single	近點調節 NPA 與近點聚合 NPC、驗光生普考｜驗光學概要	受檢者為46 歲，有-1.00DS 的近視，近一年來覺得查看地圖上的小文字時越來越困難。經過測量後發現 不戴任何矯正眼鏡	觀念 未矯正近視的 AA 白話理解 裸眼 −1.00 D 近視自帶 1 D，近點 25 cm 代表總近點屈光力 4 D；
s114-optometry-exam107-u09-opt-q0143	single	近點調節 NPA 與近點聚合 NPC、驗光生普考｜驗光學概要	人類眼睛的調節幅度平均值，Donders 氏認為55 歲的人大約是多少度？	觀念 Donders 年齡與 AA 白話理解 依題目採用的 Donders 年齡平均資料，55 歲平均調節幅度約 1.7
s114-optometry-exam107-u09-opt-q0144	single	近點調節 NPA 與近點聚合 NPC、驗光生普考｜驗光學概要	運用負鏡片檢查法（minus lens to blur）測量調節幅度，近用視標距離眼睛40 cm 處。在不考量負鏡片造 	觀念 minus lens 法 白話理解 40 cm 視標本身需 2.50 D；總 AA 記錄為 4.00 D，所以額外
s114-optometry-exam108-u09-opt-q0147	single	近點調節 NPA 與近點聚合 NPC、驗光師特考｜眼球解剖生理學與倫理法規	有關眼球運動的描述，下列何者正確？①會聚（convergence）是描述兩眼往相同方向的共軛（conjugate） 運動	觀念 眼球運動術語 白話理解 會聚與發散是雙眼反向的非共軛運動；adduction 是單眼向鼻側，abduction 是
s114-optometry-exam108-u09-opt-q0149	single	近點調節 NPA 與近點聚合 NPC、驗光師特考｜視光學	有關近點內聚力檢查（near point of convergence），下列敘述何者錯誤？	觀念 NPC 主客觀 break 白話理解 受測者主訴複視才是自覺 break；檢查者看見一眼失去固視外移則是 obje
s114-optometry-exam108-u09-opt-q0153	single	近點調節 NPA 與近點聚合 NPC、驗光師特考｜視光學	以Hofstetter 年齡公式估計最小調節幅度值，使用一半調節力計算。當50 歲正視眼被檢者注視40 cm 距 離的目	觀念 Hofstetter 加半幅法 白話理解 50 歲最小 AA＝15−12.5＝2.5 D；只用一半即1.25 D。
s114-optometry-exam108-u09-opt-q0154	single	近點調節 NPA 與近點聚合 NPC、驗光師特考｜視光學	眼球的調節幅度是指調視作用在何處所需之屈光力？	觀念 AA 定義 白話理解 調節幅度定義為眼睛由無調節遠點到最大調節近點之間可改變的屈光力。 口訣 遠點到近點的 pow
s114-optometry-exam108-u09-opt-q0159	single	近點調節 NPA 與近點聚合 NPC、驗光師特考｜視覺光學	某顧客屈光度數為-3.00 DS，測得其調節幅度（amplitude of accommodation）為2.00 D。	觀念 近視者工作範圍配鏡 白話理解 原近視−3 D，工作範圍60–30 cm需約1.67–3.33 D。以−1.50 D
s114-optometry-exam108-u09-opt-q0163	single	近點調節 NPA 與近點聚合 NPC、驗光師高考｜視光學	按年齡經驗公式計算，60 歲的老年人調節幅度應為：	觀念 老年調節幅度 白話理解 隨年齡增加晶狀體彈性下降，60歲時剩餘調節通常接近零到約1D。 口訣 60歲AA接近0到1
s114-optometry-exam108-u09-opt-q0165	single	近點調節 NPA 與近點聚合 NPC、驗光師高考｜視光學	為維持近距離舒適閱讀範圍，則眼球調節幅度最好能保留它的一半。受驗者要在40 cm 閱讀而其調節幅 度只有3.00 D。則	觀念 半幅 AA 加光 白話理解 40 cm需2.50 D；AA 3 D只用一半1.50 D，缺少1.00 D。 口訣 
s114-optometry-exam108-u09-opt-q0167	single	近點調節 NPA 與近點聚合 NPC、驗光師高考｜視覺光學	張小姐的未矯正近視眼，其遠點為眼前80 cm。如果張小姐需要看一本在眼前25 cm 的書，那她至少需要 多少的調節力，才	觀念 未矯正近視看近 白話理解 遠點80cm代表自帶1.25D近視；25cm需求4D，所需調節＝4−1.25＝2.75D
s114-optometry-exam108-u09-opt-q0171	single	近點調節 NPA 與近點聚合 NPC、驗光師高考｜視覺光學	有關調節近點的敘述，下列何者正確？	觀念 NPA 定義 白話理解 調節近點 NPA 定義為眼睛動用最大調節仍能保持清晰的最近物點。 口訣 最大調節＝最近清楚
s114-optometry-exam108-u09-opt-q0172	single	近點調節 NPA 與近點聚合 NPC、驗光師高考｜視覺光學	近視-5.00 DS 顧客，其調節幅度為3.00 D，當他配戴-3.00 DS 眼鏡時，其遠點及近點為下列何者？	觀念 部分矯正近視明視域 白話理解 −5D只戴−3D，殘留−2D近視，遠點50cm；再加3D調節共5D，近點20cm。 
s114-optometry-exam108-u09-opt-q0173	single	近點調節 NPA 與近點聚合 NPC、驗光師高考｜視覺光學	受檢者遠視3.00 D，其調節幅度為 3.00 D，則下列敘述，何者錯誤？	觀念 遠視等於 AA 時的明視域 白話理解 +3D遠視的遠點在眼後33cm；AA恰為3D時，最大調節只足以看清無限遠，近
s114-optometry-exam108-u09-opt-q0178	single	近點調節 NPA 與近點聚合 NPC、驗光生特考｜眼鏡光學概要	未配戴矯正鏡片，近視-5.00 D 患者，其遠點在眼前何處？ 20	觀念 近視遠點 白話理解 −5.00 D 未矯正近視的遠點為1/5m＝0.20m。 口訣 5D倒數20cm。 考點與解題
s114-optometry-exam108-u09-opt-q0182	single	近點調節 NPA 與近點聚合 NPC、驗光生特考｜驗光學概要	正視眼的定義，是指眼球的遠點（far point）位在何處？	觀念 正視眼定義 白話理解 正視眼完全放鬆調節時，平行光正好聚焦在視網膜，因此與視網膜共軛的遠點位於無限遠。 口訣 正視
s114-optometry-exam108-u09-opt-q0184	single	近點調節 NPA 與近點聚合 NPC、驗光生特考｜驗光學概要	受測者為正視眼，以推進法測量其調節幅度（amplitude of accommodation）為8 D，其調節近點（ne	觀念 正視眼AA與近點 白話理解 正視眼AA 8D，近點距離＝1/8m＝0.125m。 口訣 8D倒數12.5cm。 考
s114-optometry-exam108-u09-opt-q0185	single	近點調節 NPA 與近點聚合 NPC、驗光生特考｜驗光學概要	有關聚合近點測試（near point of convergence，NPC）之敘述，下列何者正確？	觀念 NPC 檢查條件 白話理解 NPC應在患者實際近用視覺條件下雙眼測量；近用矯正會影響調節與調節性內聚。 口訣 戴平
s114-optometry-exam108-u09-opt-q0191	single	近點調節 NPA 與近點聚合 NPC、驗光生特考｜驗光學概要	一眼之調節幅度為6.0 D，若其近點為眼前50 cm，則其遠點位於何處？	觀念 由近點與AA反推遠點 白話理解 近點50cm＝2D，AA6D；遠點物方屈光力＝2−6＝−4D，即眼後25cm虛遠點
s114-optometry-exam108-u09-opt-q0192	single	近點調節 NPA 與近點聚合 NPC、驗光生特考｜驗光學概要	調節幅度隨年齡增加而下降，根據霍夫施泰特最低調節幅度公式（Hofstetter's formula for minimu	觀念 Hofstetter最小公式 白話理解 Hofstetter最小AA＝15−0.25×年齡；令其為0，年齡＝15/
s114-optometry-exam108-u09-opt-q0193	single	近點調節 NPA 與近點聚合 NPC、驗光生特考｜驗光學概要	測量調節幅度時，使用負鏡片模糊法（minus-lens-to-blur test）與推近法（push-up test）之	觀念 AA測法差異 白話理解 minus-lens法視標距離固定，只逐步加負鏡；push-up把視標移近，視標角大小與近
s114-optometry-exam108-u09-opt-q0194	single	近點調節 NPA 與近點聚合 NPC、驗光生特考｜驗光學概要	患者雙眼皆近視 -2.00 D，配戴遠距矯正眼鏡後測得的調節近點（near point of accommodation	觀念 近視裸眼近點 白話理解 戴遠用矯正後近點16.66cm，AA約6D。裸眼自帶2D近視，最大近點屈光力2+6＝8D，
s114-optometry-exam108-u09-opt-q0195	single	近點調節 NPA 與近點聚合 NPC、驗光生特考｜驗光學概要	選擇測試的加入度ADD，若用「保留一半調節幅度」法則時，調節幅度是用下列何種方法取得？ Hofstetter	觀念 半幅法AA來源 白話理解 tentative ADD的半幅保留法通常採臨床實測AA，常用push-up metho
s114-optometry-exam108-u09-opt-q0206	single	近點調節 NPA 與近點聚合 NPC、驗光生普考｜驗光學概要	患者因角膜或水晶體屈光異常造成的遠點在眼前 1 m 處，屬於何種非正視眼？	觀念 近視病因分類 白話理解 遠點眼前1m代表−1D近視；題目指定由角膜或水晶體屈光異常造成，屬refractive m
s114-optometry-exam108-u09-opt-q0208	single	近點調節 NPA 與近點聚合 NPC、驗光生普考｜驗光學概要	正視眼患者其調節近點（near point of accommodation）為8 cm，其調節幅度（amplitude	觀念 近點轉AA 白話理解 正視眼近點8cm，AA＝1÷0.08＝12.5D。 口訣 公分用100除距離。 考點與解題步
s114-optometry-exam108-u09-opt-q0216	single	近點調節 NPA 與近點聚合 NPC、驗光生普考｜驗光學概要	有關調節幅度的敘述，下列何者最不恰當？	觀念 AA測試視標 白話理解 AA可單眼或雙眼，宜在最佳矯正後測；應選接近最佳近視力的小視標，幼兒可用pull-away
s114-optometry-exam108-u09-opt-q0217	single	近點調節 NPA 與近點聚合 NPC、驗光生普考｜驗光學概要	參考霍夫施泰特公式（Hofstetter's formulas），一般40 歲成人的平均調節幅度期望值約為何？	觀念 Hofstetter平均公式 白話理解 Hofstetter平均AA＝18.5−0.30×40＝6.5D。 口訣 
s114-optometry-exam109-u09-opt-q0222	single	近點調節 NPA 與近點聚合 NPC、驗光師特考｜視光學	依據Hofstetter's formula 公式計算，年齡45 歲者其''平均''調節幅度期望值為多少？	觀念 Hofstetter平均AA 白話理解 18.5−0.30×45＝18.5−13.5＝5.0D。 口訣 45歲平均
s114-optometry-exam109-u09-opt-q0227	single	近點調節 NPA 與近點聚合 NPC、驗光師特考｜視覺光學	有關眼睛的遠點（far point）和近點（near point），下列敘述何者錯誤？	觀念 年齡與近點 白話理解 AA下降使能清楚的最近距離後退；正視遠點在無限遠，遠點定義採無調節，近視遠點位於眼前有限處。
s114-optometry-exam109-u09-opt-q0228	single	近點調節 NPA 與近點聚合 NPC、驗光師特考｜視覺光學	一位50 歲的未矯正近視眼病患，其度數為-2.00 D，若其調節幅度為2.00 D，患者的調節近點為何？	觀念 未矯正老花近視近點 白話理解 未矯正−2D近視自帶2D，加AA2D，最大總屈光力4D，近點1/4m＝25cm。 口
s114-optometry-exam109-u09-opt-q0235	single	近點調節 NPA 與近點聚合 NPC、驗光師高考｜視光學	常用調節幅度測量的兩種方法，包括推近法（push-up method）及拉遠法（pull-away method）。一般	觀念 push-up與pull-away 白話理解 推近時視標視角放大、近感知與景深效應使受測者較晚報模糊，AA常被高估
s114-optometry-exam109-u09-opt-q0236	single	近點調節 NPA 與近點聚合 NPC、驗光師高考｜視光學	當用推近法測量單眼調節幅度量時，所得的值低於一般常態年齡的值，屬於下列那個狀況？	觀念 調節不足判定 白話理解 單眼push-up AA低於年齡常模，代表眼睛可產生的調節幅度不足。 口訣 AA低於年齡最
s114-optometry-exam109-u09-opt-q0241	single	近點調節 NPA 與近點聚合 NPC、驗光師高考｜視覺光學	有一孩童在未使用鏡片矯治下，發現物體移近至眼前33 公分時變模糊。雙眼未散瞳前+2.00 DS，經睫狀 肌麻痺後，發現雙	觀念 隱性遠視與AA 白話理解 麻痺後真實遠視+6D；裸眼近點33cm需額外3D近用聚焦，因此最大調節共需6+3＝9D。
s114-optometry-exam109-u09-opt-q0249	single	近點調節 NPA 與近點聚合 NPC、驗光生特考｜驗光學概要	有關眼睛遠點的敘述，下列何者正確？	觀念 遠點定義 白話理解 遠點按調節完全放鬆定義；最大調節對應近點，遠視眼遠點可以位於眼後。 口訣 不調節時最遠清楚點。
s114-optometry-exam109-u09-opt-q0258	single	近點調節 NPA 與近點聚合 NPC、驗光生特考｜驗光學概要	確認老花處方初始步驟時，依照「保留一半調節幅度」準則，受測者的工作距離40 公分，透過推進法測 得的調節幅度為3 D，暫	觀念 半幅AA法 白話理解 40cm需求2.5D；AA3D只用一半1.5D，ADD＝2.5−1.5＝1D。 口訣 40c
s114-optometry-exam109-u09-opt-q0259	single	近點調節 NPA 與近點聚合 NPC、驗光生特考｜驗光學概要	執行調節近點推近法（push-up）檢查時，若受檢者未戴眼鏡測得調節近點為10 cm，後來又測得受檢者看 遠有屈光異常-	觀念 裸眼push-up修正 白話理解 裸眼近點10cm代表總屈光力10D，其中2D來自未矯正近視，真正調節幅度＝10−
s114-optometry-exam109-u09-opt-q0260	single	近點調節 NPA 與近點聚合 NPC、驗光生特考｜驗光學概要	50 歲的受測者利用Hofstetter 公式計算調節幅度最小期望值，為下列何者？	觀念 Hofstetter最小值 白話理解 15−0.25×50＝2.5D。 口訣 50歲最小2.5D。 考點與解題步驟
s114-optometry-exam109-u09-opt-q0269	single	近點調節 NPA 與近點聚合 NPC、驗光生普考｜驗光學概要	注視物體時，主要透過改變水晶體的表面形狀來調節眼睛屈光力。有關調節機制的敘述，下列何者正確？	觀念 調節機制 白話理解 看遠時睫狀肌放鬆、懸韌帶拉緊，水晶體被拉平；看近則相反，變凸並增加屈光力。 口訣 遠平弱，近凸
s114-optometry-exam109-u09-opt-q0270	single	近點調節 NPA 與近點聚合 NPC、驗光生普考｜驗光學概要	近視眼在未調節的狀況下，下列有關其遠點的敘述何者正確？	觀念 近視遠點定義 白話理解 遠點定義為無調節時能清晰成像於fovea的物點；近視遠點在眼前，加入鏡片後可改變。 口訣 
s114-optometry-exam109-u09-opt-q0272	single	近點調節 NPA 與近點聚合 NPC、驗光生普考｜驗光學概要	一般40 歲的人，正常眼睛的最小調節幅度大約為多少？	觀念 40歲最小AA 白話理解 Hofstetter最小公式15−0.25×40＝5D。 口訣 40歲最低5D。 考點與
s114-optometry-exam109-u09-opt-q0274	single	近點調節 NPA 與近點聚合 NPC、驗光生普考｜驗光學概要	操作內聚近點測驗（near point of convergence, NPC），假如結果記錄為： sc NPC lit	觀念 NPC紀錄縮寫 白話理解 sc是未戴矯正；lite指燈筆目標，不是亮室；OS out表示破裂時左眼外移，不等於既有
s114-optometry-exam109-u09-opt-q0275	single	近點調節 NPA 與近點聚合 NPC、驗光生普考｜驗光學概要	有關眼睛近反射（near reflex）的敘述，下列何者正確？	觀念 近反射 白話理解 近反射三聯為convergence、miosis、accommodation；調節時睫狀肌收縮、
s114-optometry-exam109-u09-opt-q0276	single	近點調節 NPA 與近點聚合 NPC、驗光生普考｜驗光學概要	正視眼測試聚合近點（near point of convergence）正常的結果為下列何者？	觀念 NPC正常值 白話理解 題目採特定常模；正常NPC破裂點接近鼻前數公分，回復點較遠，因此recovery數值大於b
s114-optometry-exam109-u09-opt-q0277	single	近點調節 NPA 與近點聚合 NPC、驗光生普考｜驗光學概要	等量屈光差的遠視患者與近視患者，如果他們的調節幅度量相等，則他們的調節近點（眼睛可以看清楚的 最近距離）的表現如何？	觀念 矯正後屈光狀態與近點 白話理解 適當遠用矯正把兩者遠點都移到無限遠；若AA相等，近點屈光需求相同，故矯正後近點相等
s114-optometry-exam109-u09-opt-q0285	single	近點調節 NPA 與近點聚合 NPC、驗光生普考｜驗光學概要	對品質管制作業員檢測近用視力，其工作距離為40 公分。若被檢者調節力剩下1.50 D。依據調節幅度一 半原則（tenta	觀念 半幅AA法 白話理解 40cm需求2.50D；AA1.50D只用一半0.75D，ADD＝2.50−0.75＝1.7
s114-optometry-exam109-u09-opt-q0286	single	近點調節 NPA 與近點聚合 NPC、驗光生普考｜驗光學概要	受檢者有+1.50 D 遠視眼，在未配戴矯正眼鏡下，以負鏡片法（minus lens method）進行調節幅度測試。當	觀念 未矯正遠視負鏡法 白話理解 40cm視標需求2.5D，加負鏡10D；未矯正遠視+1.5D也需調節補償，總AA＝2.
s114-optometry-exam109-u09-opt-q0287	single	近點調節 NPA 與近點聚合 NPC、驗光生普考｜驗光學概要	有關調節幅度測量的推近法（push-up method）以及移遠法（pull-away method）的敘述，下列何者正	觀念 AA測法限制 白話理解 推近法將視標由遠向近移；主觀first sustained blur判定因人而異。pull
s114-optometry-exam109-u09-opt-q0288	single	近點調節 NPA 與近點聚合 NPC、驗光生普考｜驗光學概要	使用負鏡片法檢測調節幅度（amplitude of accommodation）時，將近用視標擺放於33 公分處，假設受	觀念 phoropter負鏡法讀值 白話理解 從遠用−2.00加到總顯示−5.00，新增負鏡3.00D；33cm視標需求
s114-optometry-exam110-u09-opt-q0294	single	近點調節 NPA 與近點聚合 NPC、驗光師高考｜視光學	以Hofstetter’s 公式最小值計算40 歲的個案，其NPA（near point of accommodatio	觀念 Hofstetter最小AA轉NPA 白話理解 40歲最小AA＝5D；正視眼近點距離＝1/5m＝20cm。這是最低
s114-optometry-exam110-u09-opt-q0295	single	近點調節 NPA 與近點聚合 NPC、驗光師高考｜視光學	將+3.00 DS 凸透鏡放置於正視眼眼前，測得調節近點為眼前10 cm，此眼之調節幅度（accommodative a	觀念 正鏡下NPA 白話理解 10cm視標需10D；眼前+3D正鏡替眼睛提供3D，眼睛實際調節10−3＝7D。 口訣 距
s114-optometry-exam110-u09-opt-q0302	single	近點調節 NPA 與近點聚合 NPC、驗光師高考｜視覺光學	一位遠點距離為眼前50 cm，近點距離為8 cm 的患者，習慣閱讀距離為33 cm。在戴遠用眼鏡的情況下， 則此患者需要	觀念 高AA患者ADD 白話理解 遠點50cm＝2D近視，近點8cm＝12.5D，AA＝10.5D。戴遠用鏡後33cm需
s114-optometry-exam110-u09-opt-q0303	single	近點調節 NPA 與近點聚合 NPC、驗光師高考｜視覺光學	當看近調節時，下列何種情形沒有發生？	觀念 近調節機制 白話理解 看近時睫狀肌收縮、睫狀環縮小，懸韌帶鬆弛，晶體變凸，屈光力增加。 口訣 肌縮、帶鬆、晶體凸。
s114-optometry-exam110-u09-opt-q0304	single	近點調節 NPA 與近點聚合 NPC、驗光師高考｜視覺光學	一個人的遠點（far point）為眼前200 cm 處，近點（near point）為眼前12.5 cm 處，則此人之	觀念 遠近點AA 白話理解 遠點2m＝0.5D近視，近點12.5cm＝8D；AA＝8−0.5＝7.5D。 口訣 近點8D
s114-optometry-exam110-u09-opt-q0311	single	近點調節 NPA 與近點聚合 NPC、驗光生普考｜驗光學概要	有關眼睛遠點的敘述，下列何者錯誤？	觀念 遠點定義 白話理解 遠點是調節靜止時最遠清楚物點，可在眼前、無限遠或眼後；遠視眼以物空間描述為眼後虛遠點。 口訣 
s114-optometry-exam110-u09-opt-q0312	single	近點調節 NPA 與近點聚合 NPC、驗光生普考｜驗光學概要	關於調節幅度（amplitude of accommodation）檢查的敘述，下列何者正確？	觀念 AA方法比較 白話理解 負鏡縮小視標、近感知固定，終點較保守；push-up視標變大而常高估。負鏡法還須加工作距離
s114-optometry-exam110-u09-opt-q0313	single	近點調節 NPA 與近點聚合 NPC、驗光生普考｜驗光學概要	一調節正常患者，近視-1.00 DS 屈光異常未矯正，調節近點（near point of accommodation）	觀念 裸眼近視NPA修正 白話理解 裸眼近點20cm＝5D總力，未矯正近視1D已提供，真正調節＝5−1＝4D。 口訣 近
s114-optometry-exam110-u09-opt-q0321	single	近點調節 NPA 與近點聚合 NPC、驗光生普考｜驗光學概要	依據Hofstetter’s 的最小調節幅度公式，並採取保留一半調節幅度之原則，52 歲的受檢者要閱讀近距離 33 cm	觀念 Hofstetter半幅ADD 白話理解 52歲最小AA＝15−13＝2D，只用一半1D；33cm需求3D，ADD
s114-optometry-exam110-u09-opt-q0322	single	近點調節 NPA 與近點聚合 NPC、驗光生普考｜驗光學概要	受檢者有遠視+2.00 DS，習慣近用閱讀距離為40 cm，用推進法或上推法（push-up method）測出調節力為	觀念 遠視單焦老花處方 白話理解 40cm需求2.5D，AA1D只用0.5D，需近用加光2D；再加遠用遠視矯正+2D，近
s114-optometry-exam110-u09-opt-q0323	single	近點調節 NPA 與近點聚合 NPC、驗光生普考｜驗光學概要	有關正視眼者的老花調節幅度（amplitude of accommodation）與測量的敘述，下列何者錯誤？	觀念 高齡調節與焦深 白話理解 25cm近點在正視眼是4D；65歲量到的變化可能主要是焦深；超過60歲常可由工作需求估全
s114-optometry-exam111-u09-opt-q0326	single	近點調節 NPA 與近點聚合 NPC、驗光師高考｜視光學	在近點聚合（near point of convergence, NPC）的檢查，若調節性視標與筆燈或筆燈附加紅色濾鏡片	觀念 NPC目標差異 白話理解 不同視標提供不同調節與融合刺激；NPC結果差異大表示患者依賴調節性聚合，常見conver
s114-optometry-exam111-u09-opt-q0330	single	近點調節 NPA 與近點聚合 NPC、驗光師高考｜視光學	參考Hofstetter’s 公式，32 歲患者的最大與最小調節幅度應分別接近下列何組數值？	觀念 Hofstetter最大最小 白話理解 最大＝25−0.4×32＝12.2D；最小＝15−0.25×32＝7D，最
s114-optometry-exam111-u09-opt-q0331	single	近點調節 NPA 與近點聚合 NPC、驗光師高考｜視光學	某患者調節近點為33 cm，若其工作距離是40 cm，假使以調節幅度一半原則，則此患者的暫時加入度為何？	觀念 由近點估AA再算ADD 白話理解 近點33cm在正視假設下AA約3D，一半可用1.5D；40cm需求2.5D，AD
s114-optometry-exam111-u09-opt-q0339	single	近點調節 NPA 與近點聚合 NPC、驗光生普考｜眼球構造與倫理法規概要	有關睫狀肌（ciliary muscle）的調節作用，下列敘述何者正確？	觀念 睫狀肌調節 白話理解 睫狀環縮小後懸韌帶張力下降，晶體靠彈性變凸以增加屈光力。 口訣 近：肌縮、帶鬆。 選項 A：
s114-optometry-exam111-u09-opt-q0340	single	近點調節 NPA 與近點聚合 NPC、驗光生普考｜眼鏡光學概要	一眼有3D 的調節幅度（amplitude of accommodation）時，其近點（near point）在眼前2	觀念 由NPA與AA求遠點 白話理解 近點25cm＝4D，AA3D；遠點屈光力＝4−3＝1D，距離1m眼前。 口訣 近點
s114-optometry-exam111-u09-opt-q0341	single	近點調節 NPA 與近點聚合 NPC、驗光生普考｜眼鏡光學概要	關於近視眼或遠視眼的遠點之敘述，下列何者正確？	觀念 近遠視遠點與矯正 白話理解 近視眼無調節時只有眼前有限距離物體能聚焦；負鏡讓無限遠光發散如同來自其遠點。 口訣 近
s114-optometry-exam111-u09-opt-q0342	single	近點調節 NPA 與近點聚合 NPC、驗光生普考｜眼鏡光學概要	有一位+3.00 D 遠視眼患者有4 D 調節幅度，未經矯正時，此患者的近點位置為何？	觀念 未矯正遠視近點 白話理解 +3D遠視先消耗3D調節看無限遠，AA4D只剩1D供近距離，近點1m。 口訣 4D AA
s114-optometry-exam111-u09-opt-q0343	single	近點調節 NPA 與近點聚合 NPC、驗光生普考｜眼鏡光學概要	遠點為1 m 的近視眼，如果需要看清楚眼前50 cm 的物件，所需要使用的調節力為多少？	觀念 近視看近調節需求 白話理解 遠點1m代表自帶1D近視；50cm目標需2D，額外調節＝2−1＝1D。 口訣 目標需求
s114-optometry-exam111-u09-opt-q0352	single	近點調節 NPA 與近點聚合 NPC、驗光生普考｜驗光學概要	某患者兩眼均近視-5.50 D，使用調節負鏡片法（minus lens to blur）測量調節幅度（amplitude	觀念 負鏡法AA 白話理解 遠用−5.50到最終−12.00，新增負鏡6.50D；若視標40cm，另加2.50D工作需求
s114-optometry-exam111-u09-opt-q0360	single	近點調節 NPA 與近點聚合 NPC、驗光生普考｜驗光學概要	受檢者看遠有+2.00 DS 的遠視，戴上全矯正眼鏡後進行測試，使用推進法測得近點為20 cm，調節幅度應 為多少？	觀念 全矯正後NPA 白話理解 已戴全矯正眼鏡，等同正視；近點20cm需求5D，因此AA=5D。 口訣 全矯正後直接用近
s114-optometry-exam111-u09-opt-q0361	single	近點調節 NPA 與近點聚合 NPC、驗光生普考｜驗光學概要	使用推進法與拉遠法測量調節幅度（amplitude of accommodation：push-up method an	觀念 AA檢查條件 白話理解 AA為避免聚合影響常逐眼測；距離基準通常由眼鏡平面或角膜依方法規範，結果記D；Hofste
s114-optometry-exam111-u09-opt-q0362	single	近點調節 NPA 與近點聚合 NPC、驗光生普考｜驗光學概要	正視眼用負鏡片測量眼球調節幅度，在40 cm 距離用了-2.00 D 時，受檢者表示視標開始模糊，無法持續看 清楚。則此	觀念 負鏡法 白話理解 40cm需求2.50D，加−2.00D負鏡，共需4.50D調節。 口訣 40cm2.5加負鏡2。
s114-optometry-exam112-u09-opt-q0364	single	近點調節 NPA 與近點聚合 NPC、驗光師高考｜視光學	有關調節作用看近時的原理，下列何者錯誤？	觀念 近調節 白話理解 睫狀肌收縮使懸韌帶張力下降，晶體變厚，屈光力增加。 口訣 肌縮帶鬆晶體厚。 選項 A：A 選項 
s114-optometry-exam112-u09-opt-q0371	single	近點調節 NPA 與近點聚合 NPC、驗光師高考｜視光學	研究指出，人類能持續使用的調節力約為調節幅度（amplitude of accommodation）的50%。根據此理 	觀念 遠視長時間近用處方 白話理解 50cm工作需2D，另需補償未矯正遠視0.5D，總需求2.5D；AA2D只持續用一半
s114-optometry-exam112-u09-opt-q0376	single	近點調節 NPA 與近點聚合 NPC、驗光師高考｜視覺光學	眼睛調節作用的兩個因素是：	觀念 調節生理因素 白話理解 調節需睫狀肌改變懸韌帶張力，也需晶體有彈性才能變形；年齡增加主要因晶體硬化而下降。 口訣 
s114-optometry-exam112-u09-opt-q0377	single	近點調節 NPA 與近點聚合 NPC、驗光師高考｜視覺光學	三位分別為正視眼、近視-4.00 D 及遠視+3.00 D 的40 歲成年人，假設每人的調節力均為4.00D，他們的調 	觀念 同AA不同屈光近點 白話理解 正視AA4D→25cm；−4D近視未矯正總近點力8D→12.5cm；+3D遠視AA4
s114-optometry-exam112-u09-opt-q0388	single	近點調節 NPA 與近點聚合 NPC、驗光生普考｜驗光學概要	某近視-5.00 D 的患者，其遠點位於眼前何處？	觀念 近視遠點 白話理解 −5D近視遠點=1/5m=20cm。 口訣 5D倒數20cm。 考點與解題步驟 - 1/5=0
s114-optometry-exam112-u09-opt-q0389	single	近點調節 NPA 與近點聚合 NPC、驗光生普考｜驗光學概要	一名正視眼患者，使用推進法（push-up）檢查，推測其單眼調節幅度（amplitude of accommodatio	觀念 AA轉NPA 白話理解 正視AA7D，近點=1/7m=0.1429m。 口訣 100除7。 考點與解題步驟 - 1
s114-optometry-exam112-u09-opt-q0399	single	近點調節 NPA 與近點聚合 NPC、驗光生普考｜驗光學概要	己知受驗者的遠點在無限遠而近點在20 cm，則其調節幅度為：	觀念 正視遠近點AA 白話理解 正視遠點無限遠為0D；近點20cm為5D，差值5D。 口訣 20cm就是5D。 考點與解
s114-optometry-exam112-u09-opt-q0400	single	近點調節 NPA 與近點聚合 NPC、驗光生普考｜驗光學概要	受檢者有+1.00 D 遠視眼，在未配戴矯正眼鏡下，以負鏡片法（minus lens to blur）進行調節幅度測試。	觀念 遠視負鏡法 白話理解 40cm需求2.5D，負鏡8D，未矯正遠視1D也須調節，總計11.5D。 口訣 工作需求＋負
s114-optometry-exam112-u09-opt-q0402	single	近點調節 NPA 與近點聚合 NPC、驗光生普考｜驗光學概要	受檢者的遠點位於眼後2 m，當其注視眼前50 cm 處電腦螢幕時，理論上須使用的調節力為下列何者？	觀念 遠視近用調節需求 白話理解 眼後2m遠點代表+0.50D遠視；50cm工作需2D，再加補遠視0.5D，共2.5D。
s114-optometry-exam112-u09-opt-q0403	single	近點調節 NPA 與近點聚合 NPC、驗光生普考｜驗光學概要	受檢者配戴-2.50 D 的眼鏡，以推進法（push-up）檢查得知調節近點（near point of accommo	觀念 戴部分矯正鏡反推近視 白話理解 戴−2.50D時近點8cm代表總近點力12.5D；AA10D，戴鏡後殘餘近視2.5
s114-optometry-exam112-u09-opt-q0404	single	近點調節 NPA 與近點聚合 NPC、驗光生普考｜驗光學概要	眼睛要能持久近距離工作，一般應保留多少的調節幅度？	觀念 調節儲備 白話理解 長時間近距工作通常只持續使用約50% AA，另一半作儲備以減少疲勞。 口訣 近用只花一半，留一
s114-optometry-exam113-u09-opt-q0406	single	近點調節 NPA 與近點聚合 NPC、驗光師高考｜視光學	一位正視眼患者，其近點（near point of accommodation）在眼前50 公分，若工作距離是眼前20 	觀念 由近點與工作距離算ADD 白話理解 近點50cm代表AA2D；20cm需求5D。若讓患者使用全部AA，最低補償5−
s114-optometry-exam113-u09-opt-q0413	single	近點調節 NPA 與近點聚合 NPC、驗光師高考｜視覺光學	當眼睛進行調節作用（accomodation）時，不會產生下列何種現象？	觀念 調節變化 白話理解 睫狀肌收縮使懸韌帶放鬆，晶體變厚、總屈光力增加，使原本焦點向前移。 口訣 肌縮帶鬆，不是拉緊。
s114-optometry-exam113-u09-opt-q0423	single	近點調節 NPA 與近點聚合 NPC、驗光生普考｜驗光學概要	一名近視-3.50DS 的患者，其調節近點為眼前10 cm，其調節幅度（Amplitude of Accommodati	觀念 未矯正近視AA 白話理解 裸眼近點10cm總屈光力10D，未矯正近視3.5D已提供，AA=10−3.5=6.5D。
s114-optometry-exam113-u09-opt-q0424	single	近點調節 NPA 與近點聚合 NPC、驗光生普考｜驗光學概要	下列何種年齡，其眼球調節幅度（accommodative amplitude）約為0.5 D（diopter）到1.0 	觀念 年齡與AA 白話理解 晶體老化使AA持續下降，約60歲時只剩極少真調節。 口訣 60歲接近0到1D。 選項 A：A
s114-optometry-exam113-u09-opt-q0425	single	近點調節 NPA 與近點聚合 NPC、驗光生普考｜驗光學概要	測量調節幅度（amplitude of accommodation, AA）檢查時，下列敘述何者錯誤？	觀念 AA結果單位 白話理解 push-up先量距離，但AA臨床結果以屈光度表示；測的是水晶體調焦能力，通常單眼並戴最佳
s114-optometry-exam113-u09-opt-q0426	single	近點調節 NPA 與近點聚合 NPC、驗光生普考｜驗光學概要	使用霍夫史底特氏（Hofstetter’s）幅度公式計算調節幅度（amplitude of accommodation,	觀念 Hofstetter平均值 白話理解 18.5−0.30×50＝3.5D。 口訣 50歲平均3.5D。 考點與解題
s114-optometry-course114-u09-opt-teacher-09-01	single	近點調節 NPA 與近點聚合 NPC、老師課堂題目	兩眼均遠視 +2.00 D，已在未矯正狀態下看 33 cm 距離時，需使用多少調節力？	觀念 未矯正遠視的近距離調節 白話理解 33 cm 的近距離需求約 3.00 D；未矯正 +2.00 D 遠視在看遠時就
s114-optometry-course114-u09-opt-teacher-09-02	single	近點調節 NPA 與近點聚合 NPC、老師課堂題目	依 Hofstetter 最小調節幅度公式，何者最可能有調節不足？	觀念 Hofstetter 最小調節幅度 白話理解 Hofstetter 最小值＝15−0.25×年齡。20、30、40
s114-optometry-course114-u09-opt-teacher-09-03	single	近點調節 NPA 與近點聚合 NPC、老師課堂題目	有關近視眼的遠點與近點之敘述，何者正確？	觀念 近視眼遠點與近點 白話理解 未矯正近視眼在不調節時只能清楚看有限距離的遠點；使用調節後可看更近，因此近點也在眼前，
s114-optometry-course114-u09-opt-teacher-09-04	single	近點調節 NPA 與近點聚合 NPC、老師課堂題目	一個近視眼其遠點在眼前 100 cm，近點在眼前 20 cm，其調節幅度為多少？	觀念 由遠點與近點求調節幅度 白話理解 近點屈光需求為 1/0.20＝5 D，遠點對應 1/1.00＝1 D；兩者差值就
s114-optometry-course114-u09-opt-teacher-09-05	single	近點調節 NPA 與近點聚合 NPC、老師課堂題目	依 Hofstetter 調節幅度最低期望值公式，受檢者最大調節幅度為 2.50 D，推估其年齡為何？	觀念 Hofstetter 公式反推年齡 白話理解 最低調節幅度公式為 15−0.25×年齡。令其等於 2.50 D，可
s114-optometry-course114-u09-opt-teacher-09-06	single	近點調節 NPA 與近點聚合 NPC、老師課堂題目	進行近點聚合（NPC）時，視標在受測者前方 16 cm 報告複視；後移後在 20 cm 恢復單一視標。最可能是哪種情況？	觀念 NPC break／recovery 判讀 白話理解 NPC 正常應能維持到更靠近鼻根的位置。16 cm 才出現複
s114-optometry-course114-u09-opt-teacher-09-07	single	近點調節 NPA 與近點聚合 NPC、老師課堂題目	受檢者有 −1.50 D 近視，未戴矯正眼鏡，以負鏡片法在 40 cm 測調節幅度；加至 −10.00 D 時開始持續模	觀念 負鏡片法與未矯正屈光誤差 白話理解 40 cm 需求為 2.50 D，加上的負鏡為 10.00 D；未矯正近視 1
s114-optometry-course114-u09-opt-teacher-09-08	single	近點調節 NPA 與近點聚合 NPC、老師課堂題目	關於調節幅度（amplitude of accommodation）檢查，下列何者正確？	觀念 調節幅度測量方法比較 白話理解 負鏡片會造成影像縮小且測試距離固定，常使終點較早；推近法則受相對距離放大等近端線索
s114-optometry-exam114-u09-opt-q0427	single	近點調節 NPA 與近點聚合 NPC、驗光師高考｜眼球解剖生理學與倫理法規	近距離反射（near reflex）不包括那一項？	觀念 近反射三聯 白話理解 near triad為調節、內聚、縮瞳；開散是看遠方向。 口訣 調節、內聚、縮瞳。 選項 A
s114-optometry-exam114-u09-opt-q0434	single	近點調節 NPA 與近點聚合 NPC、驗光師高考｜視光學	若一正視眼習慣於眼前40 公分處閱讀，其調節幅度為2.0 D，請問一開始要加上多少度的老花度數讓病人 試戴？	觀念 半幅AA起始ADD 白話理解 40cm需求2.5D，AA2D依半幅原則只用1D，ADD=1.5D。 口訣 需求2.
s114-optometry-exam114-u09-opt-q0440	single	近點調節 NPA 與近點聚合 NPC、驗光生普考｜眼鏡光學概要	下列選項的每一位患者都有相同的調節幅度，則關於調節近點（near point of accommodation）的敘述，	觀念 完全矯正後近點 白話理解 正視、近視與遠視若皆以隱形眼鏡完全矯正至遠點無限遠，且AA相同，近點屈光需求一致。 口訣
s114-optometry-exam114-u09-opt-q0441	single	近點調節 NPA 與近點聚合 NPC、驗光生普考｜眼鏡光學概要	有一位近視-5.00 D 者配戴-2.00 D 矯正眼鏡後，請問此時他的遠點位置位於：	觀念 部分矯正近視遠點 白話理解 原近視−5D只戴−2D，殘留−3D；遠點=1/3m=33.3cm眼前。 口訣 剩3D近
